title,lyric,album,like
"
				개화 (Flowering)
			","아른아른 아지랑이 괜히 눈이 부시고
포근해진 얼음은 겨우 녹아내릴 것만 같아
동지섣달 기나긴 밤 지나 헤매었던 발걸음
있잖아 (까맣고 혼자 외로운 날)
그때가 기억조차 안 나
새하얗게 웃던 날을 기억하나요 그대
내가 느낀 모든 걸 너에게 줄 수 있다면
바람아 내게 봄을 데려와 줘
(벚꽃 잎이 흩날리듯이)
시간아 나의 봄에 스며들어
점점 더 더 더
소리 없이 일렁이며 떨고 있는 초라한 맘은
흐르는 물의 연꽃처럼 전부 멀어져 갈 거야
넌 그저 그 자리에 그대로 (아름다워)
새하얗게 웃던 날을 기억하나요 그대
내가 느낀 모든 걸 너에게 줄 수 있다면
바람아 내게 봄을 데려와 줘
(벚꽃 잎이 흩날리듯이)
시간아 나의 봄에 스며들어
점점 더 더 더
햇살에 깜빡깜빡 미끄러지듯이
우린 사르르르르 (사르르르)
기지개 피듯 두 팔 벌린 꽃들처럼
그대 꿈도 On & On
아무것도 할 수 없을 것 같은 그 마음
혼자만 남아 시들지는 않을까
괜찮아 (괜찮아) 언젠가 (언젠가)
파랗게 피어날 거야
나는 그런 널 기억할 거야
새하얗게 웃던 날을 기억하나요 그대
내가 느낀 모든 걸 너에게 줄 수 있다면
바람아 내게 봄을 데려와 줘
벚꽃 잎이 흩날리듯이
시간아 나의 봄에 스며들어
점점 더 더 더
햇살에 깜빡깜빡 미끄러지듯이
우린 사르르르르 (사르르르)
기지개 피듯 두 팔 벌린 꽃들처럼
그대 꿈도 On & On",DEAR.,"3,201"
"
				아니 근데 진짜
			","아니 근데 진짜
너 예쁘다니까
새벽을 깨우는 환한 햇살 같아
아니 근데 진짜로
너만 모르나 봐
온 세상이 널 사랑하고 있는 걸
진짜로
그렇게 말하진 말아줘
부끄런 건지 대체 자꾸 어디가 못나
우울한 날
너를 생각하면
괜히 힘이나
뭐든 할 수 있을 것 같아
바보 같아
넌 가끔 진짜 별로야
내 맘속의 별로
이제 보니 다 거품
Unbelievable
웃음 한방에 날
녹여버리곤
장난치지 좀 말라니
아니 근데 진짜
너 예쁘다니까
새벽을 깨우는 환한 햇살 같아
아니 근데 진짜로
너만 모르나 봐
온 세상이 널 사랑하고 있는 걸
아니 근데 진짜
너무 밝게 빛나서
세상이 까매질 시간조차 없는 걸
아니 근데 진 하
아니 근데 진짜로
바보 같아
부디 꽃밭엔
가지 않았음 해
헷갈릴 것 같아
뭐가 너인지 알 수 없잖아
바보 같아
넌 가끔 진짜 별로야
내 맘속의 별로
이제 보니 다 거품
Unbelievable
웃음 한방에 날
녹여버리곤
장난치지 좀 말라니
아니 근데 진짜
너 예쁘다니까
새벽을 깨우는 환한 햇살 같아
아니 근데 진짜로
너만 모르나 봐
온 세상이 널 사랑하고 있는 걸
아니 근데 진짜
너무 밝게 빛나서
세상이 까매질 시간조차 없는 걸
아니 근데 진 하
아니 근데 진짜로
그래 그래 아니 근데 정말
넌 사랑인가 봐
어딜 봐도 내 눈엔 너만 보이는 걸
아니 근데 진 하
아니 근데 진짜로
바보 같아",INSERT COIN,"1,011"
"
				히어로
			","부디 너의 맘에
하얗게 내린 눈꽃이
차갑게 얼지 않기를
너라는 이름은
오뉴월의 꿈만 같아
깨고 싶지 않은걸
너라면 이런 날
기다릴 수 있을까
저 달이 떨어져도
난 아직까지 그대로 일 텐데
막다른 길이라고
또 혼자서 넘어져 우울하고
난 그대에게 조금 더 멋있는 사람이
돼 주고 싶었는데
눈부셔 햇살을
닮아 환하게 웃어 주는 너
난 만화 속에
주인공처럼
내겐 두 손에 빔
하늘을 가르는 날개
괴력의 힘은 없지만
그래 너의 곁에선
주인공이 된 것 같아
너에게 내 세상을 줄게
나라면 이런
나를 사랑해 줄 수 있을까
어디로 가는지도
나는 아직 모르는데
그댄 왜 왔다가 갔다가 제멋대로인 날
떠나지 않고 그 자리에
아직도 그대로
눈부셔 빛나는 그대와
달이 저무는 하루
난 만화 속에
주인공처럼
내겐 두 손에 빔
하늘을 가르는 날개
괴력의 힘은 없지만
그래 너의 곁에선
주인공이 된 것 같아
너에게 내 세상을 줄게",INSIDE,"2,104"
"
				그녀가 웃잖아
			","그래 그렇게 제발 좀 웃어봐
웃는 여자 중엔 네가 젤 예쁜걸
내 말 앞에 손사래 쳐도
좋은 듯 행복한 듯 웃는 네가
나의 삶에 햇살이잖니

밤새도 눈 빨개져도 난 좋았어
너를 웃게 해 줄 생각에 들떠서
혹시 중간에 끊길까 봐
재미있는 얘길 달달 외고
준비한 게 탄로 날까 연습도 했었지

널 떠난 사람 잊을 수 있다면
널 울린 사람 걷어 낼 수 있다면
광대라도 좋아 바보가 된다 해도
너만 기쁘면 그보다 더한 것도 난

누군가 내게 네 사랑과 행복 중
하나만 고르라면 택하라면
한 치 망설임도 없이
언제나 난 네 행복이고 싶어
네가 나를 사랑하지 않는다 해도
내가 널 사랑하니까 남자니까
우는 건 아픈 건 내가 할게
넌 웃어줘

가끔 날 보며 웃는 널 보면서
나를 사랑한단 착각을 하나 봐
아니, 지금은 아니라도
나를 사랑해라 사랑해라 
가슴으로 너를 향해 주문도 거나 봐

그 꿈에서 또 깨면 쓸쓸해도
널 볼수록 더 가슴이 미어져도
뒤돌아서 눈물 삼키고 삼켜내도
너를 몰랐던 그날들보다 괜찮아 

널 위해 할 수 있는 게 참 없잖니
사랑을 받는 일도 하는 일도
그게 나를 또 얼마나
미치게 하는 건지 네가 알까
끝내 몰라도 돼 부탁 하나만 할게
널 웃게 만드는 일만 허락해 줘
우는 건 아픈 건 내가 할게
넌 웃어줘",그녀가 웃잖아,205
"
				못 죽는 기사와 비단 요람
			","숨을 쉬지 않는 땅
끝에 걸려있는
저 달빛이 만든 길을 따라
도대체
얼마나 멀리 지나왔는지
이 길은 끝없이 영원하단 걸
뭐가 됐든 상관없다는 듯
쇠들은 철커덕거려
다음이란 의미 없는 소리
살 위를 춤추는 벌
뭘 바라더라도 내려놓으란 듯이
날아드는 해가
나와
내 안에 끌어안은 반
영원함을 말한 이 손을
내게선 떼어놔야만 하는데
그만 가
나의 모습처럼 난
흑연과 강철의 괴물이니까
외로운 괴로운 발걸음은
넌 없어도 되니까
없어야 하니까
이젠 가
날 두고 떠나가
너는 빛을 담는 요람이니까
지켜준 건 내가 아닌 너야
내 사랑아 내 파도여
너는 너의 밤을 가렴
무너지는 폐허 위
타올랐을 열기 속을
지금까지 남아 있는 잔향 따라
무심히 걸어가
날 움직이게 해준 맘
변화를 약속하는 눈을
내게선 떼어놔야만 하니까
그만 가
나의 모습처럼 난
흑연과 강철의 괴물이니까
외로운 괴로운 발걸음은
넌 없어도 되니까
없어야 하니까
이젠 가
날 두고 떠나가
너는 빛을 담는 요람이니까
지켜준 건 내가 아닌 너야
내 사랑아 내 파도여
널 괴롭힐 거니까
망가질 테니까
너 없는 세상을 걸어가야 하나
느려지다 멈춘 다리
쓰러져 넘어가는 하늘
처음 올려다본 별 길은
되게 느렸구나
가지 마
나와 네 약속처럼
나는 죽지 않는 너일 테니까
외로운 괴로운 그날들에
우리 둘이었으니까
그래 나와 너의 모습들은 다
똑같은 강철의 요람이구나
바라온 건 너와 나 우리야
내 사랑아 내 파도여
다음이란 의미 없는 소리
살 위를 춤추는 벌
뭘 바라더라도 내려놓으란 듯이
날아드는 해가
나와
내 안에 끌어안은 반
영원함을 말하는 널
놓지 않아
녹이 슬어 무너져가는 나라도 괜찮으면
같은 밤을 걸어가자
이 길의 끝 따라",못 죽는 기사와 비단 요람,567
"
				조깅
			","그대 멀리 떠난다면
홀로 어딜 가고 싶은가요
그 한숨 돌릴 새도 없이
또 내 세상은 빙글빙글 돌아가
반대로 내가 가고 싶은 대로만 간다면
그저 틀린 길만 나올까
오늘도 우린 쉬지 않고 달렸잖아
마라톤 하듯이
그러다 머리 핑 돌아
가끔 한 번은
동네 한번 빙 돌아
마음 편하게
너는 빛보다
밝게 빛나
급하게 가지마 그렇게 머물러줘
푸른 바람처럼
그런 너이기를
몸은 괜히 뻐근하고
오늘따라 괜히 나른하죠
같은 일상 속에서
하루에 날 위한 시간은 얼마나 있을까
반대로 내가 가고 싶은 대로만 간다면
그저 틀린 길은 아닐 걸
오늘도 우린 쉬지 않고 달렸잖아
마라톤 하듯이
그러다 머리 핑 돌아
가끔 한 번은
동네 한번 빙 돌아
마음 편하게
너는 빛보다
밝게 빛나
급하게 가지마 그렇게 머물러줘
내일을 그리던
날 잃어버리고 있다면
그런 그댄 행복하다 할 수 있나요
지금까지 하고 싶은 것들
바래왔던 것들 전부
잊고 있던 너잖아
이제 너를 힘들게 하지마
더는 안가 정해진 길론
돌아가 넌 푸른빛을 따라
한 번 더 뛸 수 있다면
그땐 너의 맘이 닿는 곳까지
달려가고 있기를",PANORAMA,"2,203"
"
				맞네
			","표정은 밝게 웃는데도
슬픈 듯한 너의 뒷모습에
미안해 너의 말이 다 맞네
우리 엄마 말하시길
자다가 떡이 생긴다
그 애 말 들으면
아버지 왈
네 엄마가 나를
수백 번 넘게 살렸단다
자 자 자 잠깐
이건 내가 생각한 게 아냐
이런 말로 너를 울린 사람이라면
차라리 개미가 나은걸
머 머 머 멈춰
이런 말을 하려던 게 아냐
생각했던 대로 말은 나오지도 않고
또 후회할걸
머리로는 알아 나의 문제들은
투정도 고집도 다 부질없는데
도망가듯 귀를 막아 버렸나 봐
어떤 모습도 좋아해 주는 너인데
좀 늦었지만 결국 너 말이 맞네
매번 그렇듯 사소한
이유로 다투고 있어 이럴 게 아닌데
너와 내가 싸워 봤자 뭐해
우리는 같은 편이잖아
자 자 자 잠깐
이건 내가 생각한 게 아냐
이런 말로 너를 울린 사람이라면
차라리 개미가 나은걸
그 그 그 그래
무슨 말 하고 싶은진 알아
그저 머릴 비우고
생각할 시간이 필요할 뿐인데
생각해보자 야식이
건강에 안 좋으니까 걱정인 거지?
나는 말야 그저 너랑 같이
함께 먹는 게 좋았던 거야
다 알아 나의 문제들은
투정도 고집도 다 부질없는데
도망가듯 귀를 막아 버렸나 봐
어떤 모습도 좋아해 주는 너인데
좀 늦었지만 결국 너 말이 맞네",BLUE,929
"
				빌런
			","오렌지 햇살에 잠겨가는 세상에
그 역광이 무색하게 빛나던 미소가

아아 이렇게 세상은 숨 쉬는구나

나에게도 담겨 있을까
부서질 듯한 숨이

개운할 생각은 없었는데
아마 거울 속 내 모습이
좀 다르게 맘에 쏙 들었었나 봐

맘이 타오르면 하필 또
두세 정거장 전에 꼭

나른 나른 나른 나른 Oh 
나름 나름 나름

오늘은 영웅이 될 것만 같던 날인데
하나 둘 어그러지듯이
나보다 훨씬 아름답게

빛나는 이 세상은 날 초라하게 해
꼭 눈부신 사람들이 나도 빛나라 해

나도 알아

그래! 마음을 열면 꽃밭이라며
아는데도 멀어지는걸
엉망진창인 내겐

우연히 처음 들은 노래마저도
나를 날아오르곤 흩날리게 해
오직 날 주인공인 것처럼

맘이 따스하면
꼭 어김없이 나타나는 넌

다름 다름 다름 다름 나완
다름 다름 다름

오늘은 영웅이 될 것만 같던 날인데
하나 둘 어그러지듯이
나보다 훨씬 아름답게

빛나는 이 세상은 날 초라하게 해
꼭 눈부신 사람들이 나도 빛나라 해

나도 알아

그래! 마음을 열면 꽃밭이라며
아는데도 멀어지는걸
엉망진창인 내겐

차라리 망쳐버릴까
난 가질 수 없는 거라
꿈과 희망 사랑이든 뭐든 그게 뭐든 간에
왜 나만 뭐라 해

아니 근데 나도 마냥 불행하
지는 않았다곤 해도 외로웠잖아

나름 다들 나를 사랑해 줘
봤자 언젠가는 다시 버려져

오렌지 햇살에 잠겨가는 세상에
그 역광이 무색하게 빛나던 네가

아아 이 세상을 숨 쉬게 하는구나
나에게만

빛나는 이 세상은 날 사랑한다 해
꼭 나 같은 바보들이 나를 피하려 해

나도 알아

그래! 나도 나대로 빛나는걸
아는데도 아름다운걸
너에게서 본 숨이",FROM.,266
"
				21세기의 어떤 날
			","날 기억할 수 있을까
숨 가쁜 오늘 시대는 흘러 달리고 있는데
찰칵 셔터를 누르면
모두 다 간직할 수 있기를 내 맘속 카메라
사랑 낭만 슬픔과 눈물 모두 흘러가겠지만
한 장 사진에 담을 수 없는 이 세상이 얼마나
얼마나 아름다웠는지
오 늘 지 금 바 로 여 기
이 멋 진 우 주 한 복 판 에 서
너를 만나 정말 기뻤다
눈 을 감 고 소 리 치 며
2 1 세 기 를 함 께 느 꼈 던
우리 기억되길
한없이 울었던 날과
가장 행복했던 어떤 오후
쏟아지던 비처럼
짧은 노래가 끝나면
역사가 되어버릴 이 순간도
좋은 표정으로
사랑 낭만 슬픔과 눈물 모두 흘러가겠지만
2012년 1월 16일 이 세상이 얼마나
얼마나 아름다웠는지
오 늘 지 금 바 로 여 기
이 멋 진 우 주 한 복 판 에 서
너를 만나 정말 기뻤다
눈 을 감 고 소 리 치 며
2 1 세 기 를 함 께 느 꼈 던
우리 기억되길
오 늘 지 금 바 로 여 기
이 멋 진 우 주 와 햇 살 또
너를 만나 정말 기뻤다
눈 을 감 고 소 리 치 며
2 1 세 기 를 함 께 느 꼈 던
오 늘 지 금 바 로 여 기
이 멋 진 우 주 한 복 판 에 서
너를 만나 정말 기뻤다
눈 을 감 고 소 리 치 며
2 1 세 기 를 함 께 느 꼈 던
우리 기억되길",21세기의 어떤 날,572
"
				아지랑이
			","아아 많이 무서웠나요
바스러지는 한 줌 타버린 별 꼭 쥐고
아아 아지랑이 너머에 춤추듯 울렁인 맘
여태 견디면서
나도 키 작을 적엔
넘어지면 모두가 눈물 닦아 줬었는데
달빛 한 줄 아래서
소리 없이 참은 눈물은 말랐네
봐요
피워내고 살아낸 이들을
지어 보인 너의 그 미소가
의미 없지 않잖아
내려놔요
부서지는 열성(列星)의 무게를
요동치는 반야의 시간 속
움켜쥐었던 성한 곳 하나 없는 가슴을
아아 원래 그런가 봐요
사랑하기 위한 삶
살기 위해 한 사랑
아아 함께 한 이 길 끝에
내가 없어도 그댄 밝게 비춰주리
거의 다 왔단 그 말
지나도 멈춰 설 방법을 몰랐었네
봐요
피워내고 살아낸 이들을
지어 보인 너의 그 미소가 의미 없지 않잖아
내려놔요
부서지는 열성(列星)의 무게를
요동치는 반야의 시간 속
움켜쥐었던 성한 곳 하나 없는 가슴을
아아 원래 그런가 봐요
사랑하기 위한 삶
살기 위해 한 사랑
아아 함께 한 이 길 끝에
내가 없어도 그댄 밝게 비춰주리
날아가는 새가, 자유가 부러워
우린 꿈에서라도 달아나고 싶었던 거야
Na
날 수 있던 거야
Na
아지랑일 넘어서
달궈진 숨으로",열,492
"
				낙화
			","아련히 피워낸 열
눈부신 다짐도
꽃이 지듯 시들어가겠지

아름답단 말처럼
내 모습 이대로
심어둔 우리를
기억하겠다 해줘

난 새하얀 눈이 돼 어딘가로 흩어질 거야
그 장면 안에도
네가 미소 짓기를

바람아 네가 보여준 이 세상은
꽃잎들이 모여 세상을 밝히더라

시간 따라 다다른 이 순간은
작은 티끌 하나 하나라도 없었다면
보지 못했을 이야기

'피다'의 반대말은 '지다'가 아냐

너를 봐봐
얼마나 예쁜지

난 아지랑이 속에
뛰놀던 우리를 본 것만 같아

선잠의 꿈이라도
이유가 되니까
네가

바람아 네가 보여준 이 세상은
꽃잎들이 모여 세상을 밝히더라

시간 따라 다다른 이 순간을
기억해 낼 거야 분명

난 나는 게 아닌
그저 떨어지던 걸지도 몰라

언젠가 너 앞에
또 다시 피울게

바람이 내게 보여준 이 세상은
반딧불이 모여 꽃잎이 돼 주더라

시간 따라 다다른 이 따스함은
놓지 않을 기억, 그날에 너와 나

시작의 해로
다시 돌아간대도
몇천 번이라도 같은 길을 걸어가리

우릴 함께 날아오르게 해줬던
나의 봄바람아
다시 만나게 되면
또 어디론가 데려가 줘",FROM.,273
"
				놀이
			","멀어져 가는 꿈의 잔상처럼
지난 내 하루의 표정이 기억이 안 나
멋대로 밀려오는 생각이
날 괴롭혀 또 다그쳐
어린 날 훔쳐본
어른의 모습은
내게 환상이라 말하고
무감각해진 시곗바늘
난 그대로인 듯이
어린애로 남아 있나 봐
하늘이 무겁다 해도
까진 무릎이 아팠던 것도 모른 채
온 세상을 날아 모든 걸 놀이 하듯이
지금도 똑같아 다를 거 없어
많은 사람들 사이를 안 닿고 지나기
남모르게 은밀히 자리에 앉기
맨 먼저 퇴근한 사람이 술래인 거야
꼭 말해줘 다시 만나 또 놀자고
환하게 웃으며 얘기하는 사람
뒤돌아 떠나도 미소를 머금고 있기를 바라도
스치는 혜성처럼
찰나인 듯한 아름다움
하늘이 무겁다 해도
까진 무릎이 아팠던 것도 모른 채
온 세상을 날아 모든 걸 놀이 하듯이
지금도 똑같아 다를 거 없어
많은 사람들 사이를 안 닿고 지나기
남모르게 은밀히 자리에 앉기
맨 먼저 퇴근한 사람이 술래인 거야
꼭 말해줘 다시 만나
무궁화에
꽃이 피고
돌아보면
다 그대로 멈춰라
더 이상은
떠나가지 말아줘
멈춰서 줘
다시 찾을게
우리가 떠나온 그날들을
넌 웃어줘 함께 놀던 그날처럼",Childhood,953
"
				떼굴떼굴
			","이젠 머리가 어지러워
어느새 해는 져 있고
난 오늘이 무슨 요일인지도
모르고 사나 봐
어질러진 방은
치울 엄두조차 나질 않고
침대 위에 누워
얼마나 잘 수 있나 생각해
내일이 오길 기다리던 난
이리저리 부딪히며
마음대로 무엇 하나 되지 않는 하룰
견뎌내고 있잖아
다시 하루는 시작되고
숨 쉴 틈 없이 세상은 돌아만 가
하루 종일 모두 떼굴떼굴 굴러
이대론 안 될 것만 같아
내일을 그리던 그때로 뒤로 Back
눈만 깜빡였을 뿐인데
온데간데없어진 달
기지갤 피고 하품할 시간
조차 부족한데
부대낀 사람들
어딜 봐도 여유는 하나 없고
시곗바늘에 쫓겨
뭔가에 홀린 듯한 발걸음
내일이 오길 기대하던 넌
이리저리 부딪히며
마음대로 무엇 하나 되지 않는 하룰
견뎌내고 있잖아
다시 하루는 시작되고
숨 쉴 틈 없이 세상은 돌아만 가
하루 종일 모두 떼굴떼굴 굴러
이대론 안 될 것만 같아
내일을 그리던 그때로 뒤로 Back
뒤돌아봐 생각보다
날이 좋았는데
얼마나 많이 놓쳤을까
무감각함에 잠긴 것 같아
여행 가고 싶어
꿈을 꾸고 싶어
하늘을 보고 싶어
닫힌 내 마음을 움직이게 해준 바람
아침 햇살에 눈이 부셔
포근한 구름 위를 뒹구는 기분
너도 나도 이젠 하루하루 달라
내일은 어떤 날이 올까
우릴 위해 있는 거야 이 모든 게",BLUE,"1,048"
"
				날씨가 미쳤어
			","음 오늘은 바람이 적당해 만나자
햇살은 안 뜨겁고 거리엔
사람들도 적당해

저기 SNS에서 봤던 카페
가보고 싶어 했었던 너
사진이 잘 나오는
창가 자리를 봐두었어
근데 넌 어디서 찍어도 예뻐

겉옷은 챙겨와 밤에는 추워
뭐 안 챙겨오면 더 좋아
내가 안아줄까
아 너무 빠른가 그럼 내꺼 주지 뭐
너무 들떴나 날씨가 좋아서 그래

다음 주 평일에는 눈치게임해서
우리 꿈과 희망의 나라로 갈래
달빛은 설레고 하늘에
별들도 따다 주고 싶어

유치하고 뻔한 말이면 어때
정말 좋아하면 원래 그런 거래
너무 일찍은 가지 말자
추억이 잘 나오는 하루가 될 것 같아
거기가 그렇게 야경이 예쁘대

겉옷은 챙겨와 밤에는 추워
뭐 안 챙겨오면 더 좋아
내가 안아줄까
아 너무 빠른가 그럼 내꺼 주지 뭐
너무 들떴나 날씨가 좋아서 그래

갑자기 전화해서 또 불러낼지 몰라
근데 있잖아
날씨가 미쳤어 빨리 나와봐
아이스크림이 두 개야
널 보내기 아쉬웠던 집 앞 벤치야

날씨가 미쳤나 내 마음이 미쳤나
아니면 둘 다 미쳤나
저기서 걸어오는 너를 보니까
알겠어 내 마음이 미쳤네
너무 들떴나 날씨가 좋아서
아니 사실 네가 좋아서 그래",날씨가 미쳤어 (Our Pie X LUCY),271
"
				결국 아무것도 알 수 없었지만
			","검은 머리가 파뿌리 되도록
기나긴 시간 쭉 함께하자고
하루하루를 함께 그려냈지
영원할 것처럼
고된 하루도 힘들진 않았어
네가 웃으면 다 괜찮아져서
매일 그날의 장면을 되감아
여기 나 홀로 남아
영화 속에 열린 결말처럼
영원할 순 없나 봐
어디서부터 어긋나 버린 걸까
난 여기 있는데
너와 나의 사랑
그 뒷이야기를
결국 아무것도 알 수 없었지만
널 사랑한 시간마저
낡은 테이프처럼
바래져 잊혀지는 거 그것만은 싫어
가고 싶은 곳 해보고 싶은 것
너와 약속한 그 모든 것들이
사라져 아득히
이젠 붙잡을 수 없을 만큼 점점 멀어져 가
못다 한 말들이 너무 많아
쉽게 널 못 잊나 봐
텅 빈 거리에서마저 너가 보여
가슴이 아려와
너와 나의 사랑
그 뒷이야기를
결국 아무것도 알 수 없었지만
널 사랑한 시간마저
낡은 테이프처럼
점점 잊혀져가는데
너가 없는 내 삶엔
아무런 내용도 없는데
이대로 난
멈춰버린 시간
우리의 이야기
여기서 끝이라곤 생각하기 싫어
그 뒤를 이어 보려 해
같은 맘이라면
긴 여행을 다 끝난 뒤에 봐
예전처럼 문을 열고 달려와서
내 품에 안긴 채로 꼭 말해줘
다녀왔어",BLUE,816
"
				MP3
			","항상 나란히 너와 나
손에 닿은 바람
기억할까 작은 MP3
매번 애석한 줄들은 둘둘 엉켜있고
늘 한쪽을 건네주던 너
겨우 10곡 반복되며 같이 흥얼대다
바람이 줄을 데려가 흔들면
혹시 빠지진 않을까 더욱 가까이 붙어
네게 맞춰 걷던 나
난 너의 세상을 함께 듣고 싶어
네 눈에 담은 걸 같이 보고 싶어
너의 맘 깊은 곳 작은 감정 하나도
내게 모두 다 전해지기를
어느새 시간은 지나 모두 흐려지고
어디론가 숨은 MP3
이젠 이어질 줄조차 없는 세상이라
그때 널 그리워하나 봐
너무 오래돼 바래진 기억 저 너머에
그때 그 노래가 입을 맞추면
우리 반씩 나눠 들었던 모든 추억들이
두 귀로 쏟아내려
난 너의 세상을 함께 듣고 싶어
네 눈에 담은 걸 같이 보고 싶어
너의 맘 깊은 곳 작은 감정 하나도
내게 모두 다 전해지기를",Childhood,608
"
				Opening
			","밤하늘에 수놓은 별자리를 따라
잊고 있던 날 찾아갈 거야
미약했던 시작의 우린 평범에 가린 채
숨어있는 보물을 찾으려던 아이들
모두가 또 다른 얼굴 또 다른 길을
걸어왔지만
앞으로 바라볼 방향은 같던 우리들
발을 굴러
박힌 닻을 올려
접힌 돛을 펼쳐
돌이 가로막아도
소릴 높여
바람을 가르며
저 너머로
때론 지쳐 주저앉겠지만
결코 포기하지 않아
봐 저 반짝이는 날들을
밤하늘에 수놓은 별자리를 따라
우린 잊고 있던 보물을 찾아낼 거야
아니라고 그런 건 없다며 막아서도
함께라면 기억해 낼 수 있어
약속해 어둠이 드리워도 떨쳐내기로
우리 이야기의 주인공은 우리니까
발을 굴러
박힌 닻을 올려
접힌 돛을 펼쳐
돌이 가로 막아도
소릴 높여
바람을 가르며
저 너머로
때론 지쳐 주저앉겠지만
결코 포기하지 않아
봐 저 반짝이는 날들을
밤하늘에 수놓은 별자리를 따라
우린 잊고 있던 보물을 찾아낼 거야
아니라고 그런 건 없다며 막아서도
함께라면 기억해 낼 거야
우리가 남긴 발자국들이 모여
길을 만들고 안개를 비출 지도가 되었지
이제 시작이야 우리의 이야기
쓰여진 것보다 더 먼 미래가
여명으로 밝게 비춰질테니
어디선가 들리는 내 목소릴 따라
숨겨왔던 꿈을 반드시 찾고 말 거야
거친 파도 뒤에 뜨는 태양 저 하늘이
우릴 반겨",Childhood,547
"
				내버려
			","분한 기억 날 깨우고
불탄 맘에 잠 올 리가 없고
후회스런 내 모습이 눈앞에 부글부글
아른아른거려
귀에 딱지가 앉도록 들어댄
신비한 어른들의 마음가짐
모두 고마워
즐거움은 영원하지 않아
이 고통도 그럼 얼마 가지 않을 테니
비록
누군가 쓰던 삶
새겨들어야 하는 말
길을 가르쳐 주는 손의 방향이
피와 살이 되어
나를 일으켜 준대도
발목을 잡음 안 되잖아
차라리 날 태우게
내버려 둬
터지게 둬
유일한 지금일 테니
처음 온 길이라 넘어진 걸 어쩌라고
피땀으로
눈물로 채운 게
미련하다고?
웃기지 좀 말고 빛나는 우릴 지켜나 봐
누군가 쓰던 삶
새겨들어야 하는 말
길을 가르쳐 주는 손의 방향이
피와 살이 되어
나를 일으켜 준대도
발목을 잡음 안 되잖아
차라리 날 태우게
내버려 둬
터지게 둬
유일한 지금일 테니
처음 온 길이라 넘어진 걸 어쩌라고
피땀으로
눈물로 채운 게
미련하다고?
웃기지 좀 말고 빛나는 우릴
믿어
아는 듯이 쉬운 듯이
정답이라 말하지마
나도 끝까지 놓지는 않을 테니
포기 안 해 상처는 결국 아물 테니까
내버려 둬
터지게 둬
유일한 지금일 테니
처음 온 길이라 넘어진 걸 어쩌라고
피땀으로
눈물로 채운 게
미련하다고?
웃기지 좀 말고 빛나는 우릴 지켜나 봐",열,307
"
				Boogie Man
			","이런 날엔 부기맨이 찾아와 나를 잡아간대
깊고 어두운 옷장 속에

머리카락 보일라
꼭 숨어라
이불 속 떠는 게
다 보이네

삐져나온 그 발목은
끌고 가라는 거지?
잘 먹겠습니

닫아 눈구멍도 없게
막아 네 뒤에 있는데
가려 두 눈 가려도 여기엔

우리 단둘이

이제 더는 싫어
그만
일어나 본 거울엔

굳어버린 다리 시퍼렇게 질린 얼굴 뒤로
가까이 손이 Oh

이런 날엔 부기맨이 찾아와 나를 잡아간대
깊고 어두운 옷장 속에 스르르르

그래 날 데려가 줘
차라리 너와 저 너머로 도망칠래
그럼 나도 부기맨

슬금슬금슬금
날 조여오는
혼자만 남겨진
외로운 밤

유령들로 북적이는 따스한 유령선이
차라리 낫겠어

새빨간 열매와
까맣게 팔 벌린 나무
날 보고 웃기만 해 왜
아무 말이나 좀

이런 날엔 부기맨이 찾아와 나를 잡아간대
깊고 어두운 옷장 속에 스르르르

그래 날 데려가 줘
차라리 너와 저 너머로 도망칠래
그럼 나도 부기맨

왔다 갔다 아래 위로
대롱대롱 매달린 채

이도 저도 못하면서
서성이는 게

마치
여기 저기 피하면서
떨고 있는 걸로 보여

너도 혹시 내가 무서워?

내일 밤엔 부기맨이랑 같이 널 잡으러 갈게
깊고 어두운 옷장 속에 스르르르

그래 내 손 잡아줘
차라리 나와 저 너머로 도망칠래? 
그럼 너도 부기맨",Boogie Man,274
"
				못난이
			","저 거울은 할 일도 없나 봐
하필 왜 지금 날 비춰

나라도 이런 난 별로니까
찡그려도 괜찮아

난 이대로
달아나도 뭐 So So
내 맘은 No Oh Oh
아 진짜 왜 이래

괜한 기대하게 만들지마
어지러워 너 때문에

처음부터 뭔가 이상했어
너에겐 듣고 싶은 말이 많아져

쓸데없이
Warning! Warning!

똑바로 뜨고 봐봐
나를 하나 하나

반할 게 없잖아
이러다간 나라도
집에 있는 거울을 모두 뿌셔놔야 하나

못난이난이난이
못난이난이난이
못난이가 내겐 딱 어울려

그래!
다 Lie Lie 내가 한두 번 속냐
가시 돋친 바보 이게 나다
Bye Bye 근데 왜 자꾸 돌아봐

보면 볼수록 짜증이나
머리 발 끝까지

아 이거 왜 이래

왜 아무리 손 봐도
내 맘대로는 안될까?

아 분명 저번에 본 SNS 트렌디 룩
따라 해본 건데 왜 별로지

넌 내 모습 그대로
좋아한다고
말도 안 돼!

Warning! Warning!

똑바로 뜨고 봐봐
나를 하나 하나

반할 게 없잖아
이러다간 나라도
집에 있는 거울을 모두 뿌셔놔야 하나

못난이난이난이
못난이난이난이
못난이가 내겐 딱 어울려

그래!
다 Lie Lie 내가 한두 번 속냐
가시 돋친 바보 이게 나다
난 마음도 검은 못난이

아니야 너에게 난 안 어울려
나를 보고 괜히 미안하나 봐

비상! 비상!

계속 그렇게만
그 눈으로 나만

바라본다 해줘
나는 그럼 아마도
집에 있는 거울을 모두 사랑하게 될 거야

못난아난아난아
못난아난아난아
이젠 더는 안 못나도 돼

그래!
다 Lie Lie 이젠 난 못난이 아냐
향기 좋은 꽃 이게 나다
Bye Bye 나를 보고 찡그리던 나",FROM.,128
"
				Run To You
			","알 수 없는 그 어디에서
길을 잃고 헤매일 때
혼자라는 게 난 외로워
누군가를 기다릴 때
나를 닮은 길을 잃은 또 한 사람
우연히 너를 만나
그 순간에 잠든 나의 하늘에
눈을 뜨는 너라는 별
지금 Run To You
니가 있는 그곳으로 난 달려가
그래 I Need You
널 처음 만난 그날부터 내 모든 건 너야
아무 의미 없는 하루 끝에 서서
내일은 오지 않길
그 순간에 어두운 나의 세상에
빛을 내는 너라는 꿈
지금 Run To You
니가 있는 그곳으로 난 달려가
그래 I Need You
널 처음 만난 그날부터 내 모든 건 너야
끝이 보이지 않아
멈추고 눈을 감았던 그때
정해진 우연이면 운명인 것처럼
내 앞에 나타난 너
다시 Run To You
쉬지 않고 빛을 따라 난 달려가
오직 I Need You
내 손을 잡은 그날부터 내 모든 건 너야",Run To You (런 온 OST Part.1),755
"
				넌 혹시, 난 괜히
			","야 그거 사실 내가 그랬어
아니 그냥 괜히 심술이 나서
네가 걔랑 얘기하면서
머리 넘기는 게 짜증 나게 예뻐서
그전에도 네 거 사실 내가 숨겼어
빨리 가버리지 않았음 해서
그날따라 날이 좋아서
평소보다 네가 더 반짝거려서
그런 거야 미안
괜히 네겐 틱틱거리게 되고
맘에 없는 말 하곤
집에 가서 머리 쥐어뜯어 혼자
잘해주지는 못할망정 괜히
괴롭히기나 하는 내가 싫어
그러니까 오늘부터
다른 애들 말고 나랑 집에 가면 안 될까?
네가 뭔가 어려워하고 있으면
그게 뭐가 됐든 내가 도와주면 안 될까?
그러니까
내가 하고 싶은 말은 뭐 특별한 건 아니고
그동안 못살게 군 거 사실 다 내가 그랬어
너랑 더 놀고 싶은데 너는 내 것이 아니고
걔 앞에선 네 얼굴이 발그레한 게
맘에 안 들어서 괜히
널 안 좋아하는 척했어
아 그래 기왕 이렇게 된 거
전부 다 싹 터놓고 얘기하자면
나는 아마도 널 처음 봤던 그날부터
널 좋아했던 것 같아
네가 자꾸 팔랑거리고 찰랑거리고
여기저기서 반짝반짝거려서
나는 두근두근거리고 자꾸만 널 찾아다니게 돼
근데 막상 네 앞에 서면 완전 고장이 나
괜히 네게 틱틱거리게 되고
맘에 없는 말 하곤
집에 가서 이불 겁나 차 뻥뻥
잘해주지는 못할망정 괜히
상처 주기나 하는 내가 싫어
그러니까 오늘부터
다른 애들 말고 나랑 집에 가면 안 될까?
네가 뭔가 어려워하고 있으면
그게 뭐가 됐든 내가 도와주면 안 될까?
내가 누굴 좋아해 보는 게 처음이라
뭘 어떻게 얘기하고 행동해야 되는지를
하나도 몰라
그러려던 건 아닌데 상처받았다면 미안해
근데 내가 너를 진짜 정말 좋아하거든
그러니까 오늘부터
네가 내 거하고 내가 네 거 하면 안 될까?
네가 뭔가 곤란해하고 있으면
그게 뭐가 됐든 내가 해주면 안 될까?
그러니까
내가 하고 싶은 말은 뭐 특별한 건 아니고
그날 거기에 넣어놓은 거 그것도 내가 그랬어
알아챘음 좋겠는데 너는 다른 앤 줄 알고
걔한테 고맙다길래 이대론 널 뺏길 것 같아서
그동안 사실 다 내가 그랬어",Childhood,415
"
				뜨거
			","분명 더위가 가실 거야 아마
한여름이 추워
(엣취)
넌 어디 간 거야
나 빼고
나도 손부채질하며
걱정해 주고 싶어
아이스크림 들고서
태양빛을 피해 어딘가
Run to the 에어컨
It's only for you
하려 해도
내 머리 위에 김이 펄펄
솟잖아
어딘가의 오아시스
물 한 트럭은 필요해
널 찾아 나가고 싶어도
과열돼 나 쓰러져
너무 뜨거워 디겠어
불타더라도 놀랄게 없는 햇빛
그 아래서 찍은 사진 속 너가
아름다워
분명 라일락 꽃향기에
녹은 기분인데
내 주변엔 모래만 가득한걸
뭐야 뭐야 (오 예예)
화면 넘어라도 널 보면 시원해지는데
사랑인가 봐
내 맘이 너의 세계로 가득
채워져 한 여름의 꿈처럼
짜증
은 아니고 아쉬움인가 봐
내 머리 위에 김이 펄펄
솟잖아
어딘가의 오아시스
물 한 트럭은 필요해
널 찾아 나가고 싶어도
과열돼 나 쓰러져
너무 뜨거워 디겠어
불타더라도 놀랄게 없는 햇빛
그 아래서 찍은 사진 속 너가
숨이 막혀
분명 라일락 꽃향기에
녹은 기분인데
내 주변엔 모래만 가득한걸
뭐야 뭐야 (오 예예)
화면 넘어라도 널 보면 시원해지는데
사랑인가 봐
내 맘이 너의 세계로 가득
채워져 한 여름의 꿈처럼
아마 너 앞에 서 있는 난
파도에 휩쓸려
숨 쉬는 법도 잊은 채 신나서
풍덩 풍덩 (오 예예)
더윌 넘어서 너에게로
달려가고 싶어
나도 네 곁에 시원한 바람이 되어줄래
너에게 한여름의 꿈처럼",열,243
"
				이미 다 알고 있었지만
			","젖은 바닥이 언제 그랬냐는 듯 말라
풀잎이 향을 채우고
이슬 섞인 듯 햇빛이 내 눈을 감기고
그댈 놓쳐서 헤매던 날
둘이 사라져가는 노을을 보며
분명 옆에 있는데도
혼자인 것 같아
우리의 시간 추억 다 보내야 한다는 건
난 이미 다 알고 있었지만
그냥 한 번만 한순간 망설여도 될까요
마지막 한 번 더
그댈 보고 싶어
이 계절은 의연히 기억을 깨우고
곧 다가올 이별을 더 피하게 해
내가 싫어도
네가 놔버리면
다 의미 없는걸
저 파란 하늘도
눈에 띄게 멀어지는
노을빛이
나만 여기 두고서
널 데려가나 봐
우리의 시간 추억 다 보내야 한다는 건
난 이미 다 알고 있었지만
그냥 한 번만 한순간 망설여도 될까요
마지막 한 번 더
그댈 보고 싶어
어떻게
그렇게
아무렇지 않아요
이대로
내가 사라져도
아무렇지 않나요
언젠가
가야 한다 해도
마지막처럼
얘기하지 마
우리의 사랑
기억 다 보내야 한단 건
난 이미 다 알고 있었지만
그냥 한 번만 딱 한 번만 더
안아봐도 될까요
그런 표정으로 슬퍼하지 말아요
다시 돌아올 그날까지
그리곤 말할 게
어서 와요",Childhood,383
"
				도깨비춤
			","도깨비 하나 새빨간 다정한 춤
도깨비 하나 새파란 자상한 춤
도깨비 하나 샛노란 미련한 춤
도깨비 춤에 쇠를 녹여보세

에라이 막춤이라도 추자
밤빛을 덮어두면
비단을 닮았는지 전과 달리

따스한 눈빛
그렇게 나를 봐주더라고
기쁘게도

사실은 이질적인 느낌이 좀 든대도
애써 외면 하고 마주친 너의 그
표정은 헷갈리지만 아마도

놀아줄 거야 오래도록

가려둔 너의 그 반이
실제론 차가웠다 해도

이 옅은 불 위에
무아지경인 나를
알다가도 모르겠단 태도로

쳐다보기만 하고 다 이럴 거야?

일동 차렷
이건 좀 아닌가?

힘껏 질러도 환호 하나 없이
말해봤자 뭐해 걍 나라도

마지못해 이렇게도 햇살이 밝아져 오는 낮에
모두가 떠나도 나 혼자 태운 잿더미가
나를 갉아먹고 있단 걸 알면서도

사실은 이질적인 느낌이 좀 든대도
애써 외면하고 마주친 너의 그
표정은 헷갈리지만 아마도

놀아줄 거야 오래도록

가려둔 너의 그 반이
실제론 차가웠다 해도

이 옅은 불 위에
무아지경인 나를
알다가도 모르겠단 태도로

쳐다보기만 하고 다 이럴 거야?

일동 차렷
이건 좀 아닌가?

힘껏 질러도 환호 하나 없이

마구마구 내 춤사윌
보다 보면 이땐가 하고

와라 와라 굳이 안 해도
놀아주러 올 거야

맞아 분명

새빨간 도깨빈 다정해요
새파란 도깨빈 자상해요
샛노란 난 그런 거 모르겠고
걍 추는 거지 뭐

그 마음이 실제로
따스했다 해도

이 옅은 불 위에
무아지경인 나를
알다가도 모르겠단 태도로

쳐다보기만 하고 다 이럴 거야?

일동 차렷
이건 좀 아닌가?

힘껏 질러도 환호 하나 없이
말해봤자 뭐해 걍 나라도",FROM.,91
"
				남김없이
			","나의 마음을 모두 잃어버린 날
그날의 마음은 얼어 붙어있어서
시간이 갈수록 차갑게 스며들던
다시 살아내야 했던 많은 날들은

남김없이 태울 수 있다면
그렇게도 나를 힘들게 했던
꺼져가는 작은 불씨라도 살아있다면
모든 걸 태울 텐데

나의 모든 순간도 해졌던 내 마음도
이젠 모두 사라져 다시 피워내자고
남김없이 태워 다시 한번 태워
다시 다시 살아갈 수 있도록

남김없이 태워버린다고
그렇게도 나를 힘들게 했던
그 모든 게 꺼진 연기처럼 사라진다면
하얗게 번질 테니

나의 모든 순간도 해졌던 내 마음도
이젠 모두 사라져 다시 피워내자고
남김없이 태워 다시 한번 태워
다시 다시 살아갈 수 있도록

남김없이 태워버린 후에
따뜻하게 너를 안을 수 있길

나의 모든 순간도 해졌던 내 마음도
이젠 모두 사라져 다시 피워내자고
남김없이 태워 다시 한번 태워
다시 다시 살아갈 수 있도록",FROM.,104
"
				I Got U
			","I got U 너를 잡을게
누가 먼저든 상관없잖아
I'll find U You're my Diamond
맘 가는 대로 어린애처럼 I got U
수많은 사람들 속
I'm locked into you
우린 어디 숨어있다
이제 만났는지
Take me to you close baby
내 맘이 Already over you
얼레리꼴레리
We go over
언제까지 숨길 수는 없는걸
널 찾을 수 있게
내게 다가와 주면 돼
I got U 너를 잡을게
누가 먼저든 상관없잖아
I'll find U You're my Diamond
맘 가는 대로 어린애처럼 I got U
별다른 말없이도 웃어주는 너
이대로면 우리 대화는 For 24 hours
I got U 너를 잡을게
누가 먼저든 상관없잖아
I'll find U You're my Diamond
맘 가는 대로 어린애처럼 I got U
오늘 이 밤 내 인생 최고의 밤 인진 몰라도
그대와 함께 한 이 순간 절대 잊지 못할 거야
두려워져 If you go away
난 꿈이라 해도 괜찮아
어딜 가든 I'll find you
I got U 너를 잡을게
누가 먼저든 상관없잖아
I'll find U You're my Diamond
맘 가는 대로 어린애처럼 I got U
세상이 끝나도 너와 나는
같이 놀 수 있을 거야
세상이 끝나도 오늘 하루는
절대 잊지 못할 거야",Gatcha!,591
"
				난로
			","차가운 바람 하나가 창가에 앉아
나에게 너의 얘기를 들려주었어
유난히 추웠던 겨울 별빛 아래서
우리는 반짝였었지
저 별을 따라
차가운 바람 하나에 흔들리듯이
너에겐 작은 바램도 어려웠을까
유난히 추웠던 겨울 그믐달 아래
소중히 여긴 바램이 이루어질까
눈꽃이 떨어지면 거리는 밝아지고
우리는 그 속에서 춤을 추게 될 거야
불빛이 우릴 비추고 종소리가 들리면
우리는 이 겨울을 날아
남겨진 마음들도 지나버린 시간도
언젠가 흐려져만 간대도 괜찮을 거야
얼어붙은 꽃처럼 홀로인 날
따스하게 녹여주었던 너는
시간은 지나갔지만 아직도 나를
따스히 안아 주었던 너를 기억해
하얗게 내린 눈 위에 우리 얼굴을 그려
널 담아내 별이 내린 만큼
눈꽃이 떨어지면 거리는 밝아지고
우리는 그 속에서 춤을 추게 될 거야
불빛이 우릴 비추고 종소리가 들리면
우리는 이 겨울을 날아
남겨진 마음들도 지나버린 시간도
언젠가 흐려져만 간대도 괜찮을 거야
얼어붙은 꽃처럼 홀로인 날
따스하게 녹여준 너는
아름다웠던
그날에 시간에 그 순간에 머물러
나에게 같은 하루 같은 세상 속에
너라는 바람이 마음에 불어와
기다리던 날들도
바래왔던 순간도
어느새 우리 곁에 올 거야
시간을 넘어서
네 마음이 춥고 외로울 때
내게 그랬듯이
너를 혼자 두진 않을 거야",INSIDE,865
"
				Ending
			","봐 이렇게 환하게 웃는 얼굴
전혀 슬프다곤 하지 않아
모두가 이대로
다시 못 볼 것만 같아서
더 숨기나 봐
네게 안녕이란
말이 어떤 의미인지
잘 모르지만 우린
영원한 안녕이라
이대로 이별이라
아무도 생각하지 않아
오늘이 지나 네가 없는
내일이 찾아오면
분명 난 공허하고 외로울지 몰라
한없이 그리워
해도 괜찮아
다시 만날 걸 알아
그러니 우리 더 빛나자
이 순간이 영원할 것처럼
저 너머로 사라지는 너는
몇 번을 봐도 익숙해지질 않아
속으로 약속해
너희를 다시 만날 그때까지
기다릴 거라고
내게 안녕이란
마음에도 없는 소리
해버렸지만 사실
영원한 안녕이라
이대로 이별이란
의미가 아니란 걸 알아
조금만 더 들려주고 싶어
다른 말론 설명하지 못하는
우리만의 사랑을 담아
너를 부르게 해줘
불이 꺼지고 조용하게
모두 다 사라지면
분명 난 공허하고 외로울지 몰라
한없이 그리워
해도 괜찮아
다시 만날 걸 알아
그러니 우리 더 빛나자
이 순간이 영원할 것처럼",Childhood,329
"
				Straight Line
			","도로 위에 멈춰 있던 나
만날 일 없었던 우리
Like a parallel line
너와 내가 닿는다면 Yeah
Get it on the road
Get it on the way
이 길의 끝을 보러 가
Hey you Hey you
주저하고 두려운 거라면
Hey you
전혀 그럴 필요 없는 걸
쭉 뻗은 도로 위에 넌
Just drive in a straight line
열린 이 길을 봐
Just take your time it's all right
우린 어디로 떠나든지
Run hand in hand all day
끝에 뒤돌아보면
지나온 길은 선물이 될 거야
Just drive in a straight line
Just drive in a straight line
바람 한 점 불지 않는 바다 위에서
떠 있는 것만 같아 Oh
아무것도 아무 말도
필요 없는 너와 나
Hey you Hey you
주저하고 두려운 거라면
Hey you
전혀 그럴 필요 없는 걸
쭉 뻗은 도로 위에
Just drive in a straight line
열린 이 길을 봐
Just take your time it's all right
우린 어디로 떠나든지
Run hand in hand all day
끝에 뒤돌아보면
지나온 길은 선물이 될 거야
Just drive in a straight line
Just drive in a straight line
Hey you Hey you
Hey you Hey you
Just drive in a straight line
열린 이 길을 봐
Just take your time it's all right
우린 어디로 떠나든지
Run hand in hand all day
끝에 뒤돌아보면
지나온 길은 선물이 될 거야
Just drive in a straight line
Just drive in a straight line",PANORAMA,517
"
				Knowhow
			","아무리 달래도
어두운 바다에 잠긴 듯
하늘이 눈부셔도
머리엔 먹구름 비가 (쥬르르륵)
될 대로 되라
외치는 마음은
가슴에 머금고
맘먹고 뱉은 말이 사람들 눈엔
그저 어린아이
아쉽게도 망치고 막혀도 빛나는 게 너예요
너를 (너를) 너를
전혀 모르면서
너가 아닌 다른 사람들이 남겨놓은
흔적들을 따라
그런 (그런) 그런
길을 가야만 하는 거라도
다른 사람인척하는 건
어질러진 꿈에
너만 너만 너만
사라져 버릴 것 같아
널 다른 색에 담는 것보다
난 나를 사랑한다
할 수 있는 게
노하우인 거야
아니지 잠깐잠깐
정해져 있지 않잖아
빨주노초파남보
가나다라마바사 아
맘대로 생각하라 해
너는 늘 아름다워
아쉽게도 망치고 막혀도 빛나는 게 너예요
너를 (너를) 너를
전혀 모르면서
너가 아닌 다른 사람들이 남겨놓은
흔적들을 따라
그런 (그런) 그런
길을 가야만 하는 거라도
다른 사람인 척하는 건
어질러진 꿈에
너만 너만 너만
사라져 버릴 것 같아
널 다른 색에 담는 것보다
난 나를 사랑한다
할 수 있는 게
노하우인 거야
이 세상 어딜 봐도
넌 하나뿐인걸
다른 사람인 척하는 건
어질러진 꿈에
너만 (너만) 너만
사라져 버릴 것 같아
널 다른 색에 담는 것보다
난 나를 사랑한다
할 수 있는 게
노하우인 거야",Childhood,290
"
				항상 엔진을 켜둘께
			","휴일을 앞둔 밤에 아무도 없는 새벽
도로를 질주해서 바닷가에
아직은 어두운 하늘 천평궁은 빛났고
차 안으로 스며드는 찬 공기들
기다릴게 언제라도 출발할 수 있도록
항상 엔진을 켜둘께
너와 만난 시간보다 많은 시간이 흐르고
그 바닷가에 다시 또 찾아와
만약 그때가 온다면 항상 듣던 스미스를
들으며 저 멀리로 떠나자
기다릴게 언제라도 출발할 수 있도록
항상 엔진을 켜둘께
기다릴게 언제라도 출발할 수 있도록
항상 엔진을 켜둘께
항상 엔진을 켜둘께
항상 엔진을 켜둘께
항상 엔진을 켜둘께
기다릴게 언제라도 출발할 수 있도록
항상 엔진을 켜둘께
돌아오지 않더라도 난 여기에 서 있겠지
아마 엔진을 켜둔 채",항상 엔진을 켜둘께,299
"
				동문서답
			","조심스레 물어봐도 대답 없는 너
표정만 봐도
시간이 더 필요한 건지
도시의 야경 빛 위에 너와 나
그렇게 얼굴을 붉히고 어쩔 줄 몰라하는
모습마저 예쁜걸
나도 나름 용기를 내서 다가간 거라고
제자릴 도는 저 회전목마처럼
너는 또다시 내가 한 말을 돌리고
다른 말을 하잖아
어쩌면
네가 말하지 않아도
알 수 있지만
듣고 싶나 봐
너 입으로 듣고 싶어서
언젠가
너의 마음이 날 향할 때 말해도 돼
점점 커져가는 우리 마음만 그대로라면
욕심인가 봐
사랑하는 만큼
사랑받고 싶어
너 맘을 알려줘
그렇게 얼굴을 붉히고 어쩔 줄 몰라하는
모습마저 예쁜걸
나도 나름 용기를 내서 다가간 거라고
제자릴 도는 저 회전목마처럼
너는 또다시 내가 한 말을 돌리고
다른 말을 하잖아
너의 숨긴 마음
알아 알아도
말이 없으면
난 도저히 알 수가 없는걸
널 향한 나의 마음 반의반이라도
나와 같을까
어쩌면
내 맘보다 너의 맘이
더 클지 몰라
난 기다릴게
내 마음은 변하지 않아
언젠가
너의 마음이 날 향할 때 말해도 돼
점점 커져가는 우리 마음만 그대로라면",동문서답,466
"
				Ready, Get Set, Go!
			","붉은 레인을 질주하는 sprinter-
거대한 익룡의 저 그림자처럼
뜨거운 지면을 소리 없이 스치는
텅 빈 시야와
I am a new black star

출발을 알리는 경쾌한 총성
정적을 삼키고 열광하는 함성
떨리는 호흡은 이 전부를 집어삼킬
강렬한 욕망
I am the fastest gun

돌이킬 수 없는 승부
이름조차 잊어버린
이 순간, 지옥으로 돌진하는 전차

붉게 충혈된 의지는
오직 하나뿐인 진실
순간 거짓말처럼 시간은 멈추고
펼쳐지는 저 지평선

Ready and get set, go!
Indigo skies up high!
오랫동안 기다려온 이 순간
Ready and get set, go!
This is the time we go!
지금 여기서 숨이 멎어도
후회 따위는 없어
불타는 태양
I'm a new black star

오래전의 약속들과
눈앞에 펼쳐진 것들
마침내 우리는 여기까지 왔어

깊은 호흡
눈을 감고
바람의 속도를 느껴
순간 거짓말처럼 시간은 멈추고
펼쳐지는 저 지평선

Ready and get set, go!
Indigo skies up high!
내 전부를 터트리는 이 순간
Ready and get set, go!
This is the time we go!
지금 여기서 숨이 멎어도
후회 따위는 없어
불타는 태양
I'm a new black star

Ready and get set, go!
Indigo skies up high!
오랫동안 기다려온 이 순간
Ready and get set, go!
This is the time we go!
나에게 주어진 단 한 번의 기회는 지금-
Ready and get set, go!
내 전부를 터트리는 이 순간
Ready and get set, go!
지금 여기서 숨이 멎어도
후회 따위는 없어
불타는 태양
I'm a new black star",Twenty Plenty,127
"
				봄인지 여름인지
			","오늘따라 이 봄바람
따라가고 싶은데
이미 너는 그 여름을
닮아 녹아내리고 있어
꽃 피던 이른 봄처럼
뜨겁던 여름밤처럼
나에게는 모든 날들이
널 위해 달라지고 있어
바뀌어 모든 게 너 때문에
먹는 것도 입는 것도
지금 너의 계절은
봄인지 여름인지
봄인지 여름인지
한여름을 좋아하던
너가 이상했는데
너와 있는 이 여름이
내겐 시원한 바람이야
꽃 피던 이른 봄처럼
뜨겁던 여름밤처럼
나에게는 모든 날들이
널 위해 하나둘씩 달라져
바뀌어 모든 게 너 때문에
먹는 것도 입는 것도
지금 너의 계절은
봄인지 여름인지
봄인지 여름인지
너만을 위해 있는 계절
그 안에 내가 있다면
바래볼게 기대할게
그래서 난
좋아 모든 게 너 때문에
너를 이젠 알 것 같아
지금 너의 계절이
봄인지 여름인지
봄인지 여름인지",Gatcha!,409
"
				Blue Voyage
			","Pack up uh
필요한 건 오직 하나 너
Wake up uh
목적지는 정하지 않아 느낌대로
I wanna take you anywhere
I gotta tell you
그게 어디든지 닿을 테니까
잡아 키 더 멀리
Escape from worries bothering me
거친 파도 위로 난 diving
앞이 보이지 않는 midnight
저 별을 따라서
걸어볼까 우리 둘이서
You know I'm with you
날 믿어줘요 uh
떠나자 We can go 멀리
지도는 필요 없어
너와 나 같이 더 멀리
Never wanna leave without you baby
You
All I need is you
Baby you
함께 떠나는 voyage
저기 바다 너머 뭐가 있을까
노을 진 해변 위를 걸어가
푸른빛 물음표 머릿속은 다
너로 가득 차 자꾸 네가 떠올라
매일 밤 기다렸어
살며시 다가온 너
우리 사이 Love or friend 그 어디쯤
너의 마음을 내게 보여줘
You know I'm with you
날 믿어줘요 uh
떠나자 We can go 멀리
지도는 필요 없어
너와 나 같이 더 멀리
Never wanna leave without you baby
You
All I need is you
Baby you
함께 떠나는 voyage
지워지지 않게 너를 새겨줘
바람 불어오는 곳
펼쳐보는 돛
흘러가지 물결 따라
Baby what's your type
알고 싶어 난 말이야
우리 맞잡은 손 놓치지 말자
Hold me till the end
떠나자 We can go 멀리
지도는 필요 없어
너와 나 같이 더 멀리
Never wanna leave without you baby
You
All I need is you
Baby you
함께 떠나는 voyage",Trip:Tape #03,316
"
				작은별
			","하늘에 차오른 많은 별을 모두 세어봤을 때
내 별은 뭘까? 어디있을까?
수 없이 내게 질문을 해
진심을 잊고서 빛나는 별들의 흔적만 쫓잖아
어디에 있는지도 모르고
많고 많은 얼굴들 속에
가려질 수 있는 건 당연해
이대로도 충분히 난 빛나
Let me go just let me go
조금은 덜 빛난다고
내가 별이 아닌 건 아니잖아
지금 이 순간 누군가에겐
내가 제일 빛나는 별이니까
아름답게 반짝이는 little star
Wherever you are
Wherever we are
홀로 빛나는 little star
쉴 틈도 없이 앞만 보고 달려
나의 모습을 누군가에게 건네면서
모든 시선 뒤로하고 뛰어 갈 거야
결국엔 찾겠지
어디에 있는지 몰라도
많고 많은 저 별들 속에
가려질 수 있는 건 당연해
이대로도 충분히 난 빛나
Let me go just let me go
조금은 덜 빛난다고
내가 별이 아닌 건 아니잖아
지금 이 순간 누군가에겐
내가 제일 빛나는 별이니까
아름답게 반짝이는 little star
흐려도 괜찮아
이대로 좋아
느려도 괜찮아
눈 부시게 빛나는
지금의 너를 보여줘
지금 이 순간 누군가에겐
내가 제일 빛나는 별이니까
아름답게 반짝이는 little star
Wherever you are
Wherever we are
홀로 빛나는 little star
Wherever you are
Wherever we are
We are
We are shining little star",진검승부 OST Part 2,184
"
				바쁘거든
			","막 이랬다저랬다
이랬다가는
끝이 안 보이는데
소파 위에 널브러진
게으름 그 사이로
덮어둠 안 될까요
때론 넘어가는 게
좋아 보여
난 더는 미움은 싫어
똑같아
부끄러운 건 알아
똑같아
내가 왜 이러는지
안 되는데
아무리 밉다 해도 OH
우린 지금 서로 사랑하기도
날 마다 눈에 담기에도
쓸데없는 일로 다투기엔 좀 바쁘거든
우리끼리 으르렁거리기엔
물어뜯고 할퀴기엔
미워할 바에야 안아주기 바쁘거든
진짜
바빠 바빠 바빠 바빠
이럴 시간 없어
바빠 바빠 바빠 바빠 바빠
바빠 바빠 바빠 바빠
눈코 뜰 새 없이 바쁘거든
너를 웃게 해줄 재미난 얘기
A부터 Z 적어놓기까지 했는데
이게 아닌가?
하루종일 짜증 내고 윽박지르는 것 정도는
그럴 수도 있다곤 생각해
그래도 뒤돌아서진 마
내 두 눈 똑바로 보고 말해줘
똑같아
부끄러운 건 알아
똑같아
내가 왜 이러는지
안 되는데
아무리 밉다 해도 OH
우린 지금 서로 사랑하기도
날 마다 눈에 담기에도
쓸데없는 일로 다투기엔 좀 바쁘거든
우리끼리 으르렁거리기엔
물어뜯고 할퀴기엔
미워할 바에야 안아주기 바쁘거든
진짜
우린 지금 서로 사랑하기도
날 마다 눈에 담기에도
쓸데없는 일로 다투기엔 좀 바쁘거든
우리끼리 으르렁거리기엔
물어뜯고 할퀴기엔
미워할 바에야 안아주기 바쁘거든
진짜
바빠 바빠 바빠 바빠
이럴 시간 없어
바빠 바빠 바빠 바빠 바빠
바빠 바빠 바빠 바빠
눈코 뜰 새 없이 바쁘거든",INSERT COIN,168
"
				애정표현 (말하고 싶은 비밀 X LUCY)
			","너무나 오래 참았어
가슴만 설레 눈감고
난 지금 꿈을 꾸었어
너무도 아름다웠지
널 만나 흔들리는 내 맘을
들킬까 두려웠었어
너에게 애정표현 단 한번도 하지 못하고
가슴만 뛰었던 나
Oh my darling my darling
널 품에 안으며
나의 마음을 고백하고파
Oh my darling my darling
입술에 닿으며
달콤하게 영원한 사랑 전할래
너무나 오래 참았어
가슴만 설레 눈감고
매일 밤 꿈을 꾸지만
용기가 없던 나였어
널 만나 흔들리는 내 맘을
들킬까 두려웠었어
너에게 애정표현 단 한번도 하지 못하고
가슴만 뛰었던 나
Oh my darling my darling
널 품에 안으며
나의 마음을 고백하고파
Oh my darling my darling
입술에 닿으며
달콤한 사랑 나누고 싶어
Oh my darling my darling
널 품에 안으며
나의 마음을 고백하고파
Oh my darling my darling
입술에 닿으며
달콤하게 영원한 사랑 전할래",애정표현 (말하고 싶은 비밀 X LUCY),108
"
				선잠
			","회색빛으로 물든 사람들의
표정과 힘없는 발걸음
나와 다를 것이 하나 없어
But you don't have to be an adult
(가끔은 철없게)
We are gold and feel this freedom
When you thought you could do everything
(그때를 기억해)
We were golden feel our childhood
We just want to play with you
어디로 가는 거야
Woo feel our childhood
기다려 주지 않아
Woo feel our childhood
Feel our childhood
우리는 언제 어른이 됐나
벌어지는 일들에 달려가는 시간에
익숙지 않아
어느새 나도 낮보다
밤을 기다리고 있어
꿈이 없는 잠을 바라며
기대해도 기대 쉴 곳은 없어
But you don't have to be an adult
(가끔은 철없게)
We are gold and feel this freedom
When you thought you could do everything
(그때를 기억해)
We were golden feel our childhood
We just want to play with you
어디로 가는 거야
Woo feel our childhood
기다려 주지 않아
Woo feel our childhood
Feel our childhood
Feel our childhood
Time to sleep woo
We just want to play with you
어디로 가는 거야
Woo feel our childhood
어디로 가도 좋아
Woo feel our childhood
Feel our childhood
Feel our childhood",선잠,581
"
				Magic
			","It's magic 마법을 부린 것처럼 눈이 부셔
이렇게
Just like magic 너를 볼수록 빠져들어
눈부셔
사랑이라 부르기엔 꿈만 같은 일들이
마법이라 불러볼까 이런 신비한 일들
그대만 곁에 있으면 그게 다 마법이죠
난 이제야 알 것 같아 이게 뭐였는지
이렇게 궁금했던 비밀을 알았지
no more secrets yeah
이상한 나라의 앨리스 같은 말은 싫어
시간을 멈추고 내게 다 알려줘
It's magic 마법을 부린 것처럼 눈이 부셔
이렇게
Just like magic 너를 볼수록 빠져들어
눈부셔
사랑이라 부르기엔 꿈만 같은 일들이
마법이라 불러볼까 이런 신비한 일들
그대만 곁에 있으면 그게 다 마법이죠
이럴 거면 맘대로 날 조종해 줘
마법에 빠져 너만 보고 있는 걸
이상한 눈으로 날 그렇게 보지는 말아줘
너가 내 문제의 정답을 아는걸
It's magic 마법을 부린 것처럼 눈이 부셔
이렇게
Just like magic 너를 볼수록 빠져들어
눈부셔
사랑이라 부르기엔 꿈만 같은 일들이
마법이라 불러볼까 이런 신비한 일들
그대만 곁에 있으면 그게 다 마법이죠",열,149
"
				수박깨러가
			","회색빛으로 물든 사람들은
이젠 파랗게 물들고 있어
네가 바다 가고 싶대서 바로 왔어
무슨 말이 더 필요해
바로 가자
지금 아니면 같은 밤을 헤엄치겠지
나와 수천 번 넘게 그려 왔던 거잖아
바다같이 시원한 너와 꼭 한번
수박 깨러 가
너만 되면 GO
바닷가로 Dive
지금 걱정은 내일로 미뤄
그대의 여름 안에 내가 있길
숨 막히는 더위를 피해서
우린 지금 바다에
바람 쐬러 가
끝없는 바다 시원한 바람
나른한 너와 나 자유로운 기분
여기 있는 거 다 Remember
네가 하고 싶은 거 네가 보고 싶던 거잖아
그 반짝이는 눈
좀 더 일찍 데려와 줄 걸
내가 바다를 보고 싶을 땐
굳이 멀리 안 나가도 돼
네가 내게 바다야
Stay with me
지금 아니면 같은 밤을 헤엄치겠지
나와 수천 번 넘게 그려 왔던 거잖아
바다같이 시원한 너와 꼭 한번
수박 깨러 가
너만 되면 GO
바닷가로 Dive
지금 걱정은 내일로 미뤄
그대의 여름 안에 내가 있길
숨 막히는 더위를 피해서
우린 지금 바다에
바람 쐬러 가",PANORAMA,442
"
				Flare
			","작고 여린 내 목소리
누구에게 닿을 수 있을까
고민하던 나
소중한 너의 말들이
내가 가야 할 곳이 어딘지 알려줘
고마워 고마워 고마워 고마워
넌 날 일으켜줘
넌 날 가득하게 만들어
You give me hope
You make me smile
You have my soul
You have my heart
You give me hope
You make me smile
You have my soul
You are my
날 일으킨 너의 미소
Wake up Wake up Wake up
한 치 앞을 모른 대도
We go We go We go
잃어가는 줄만 알았던 시간들
그 불안이 날 어지럽혀
Left side Left side Left side
Right side Right side Right side
You said we'll be the flare
It's time to shot away
Don't stop and sink or swim Oh
모 아님 도 후회 없이 난 Oh
Take a breath and start again Oh
시작이 반
Keep me young and free Oh
멈추지 않고 달려야 한단
부담 내려놓고
어느새 등 뒤에 젖어 있는
땀을 좀 식히고
어느새 여기 서 있어
With you With you With you
고단한 하루 끝에서
Lean on Lean on Lean on
결국 다 사라져
허무히 떠나도 빛바래진 않아
You are not alone
You said we'll be the flare
It's time to shot away
Don't stop and sink or swim Oh
모 아님 도 후회 없이 난 Oh
Take a breath and start again Oh
시작이 반
Keep me young and free Oh
멈추지 않고 달려야 한단
부담 내려놓고
어느새 등 뒤에 젖어 있는
땀을 좀 식히고
You give me hope
You make me smile
You have my soul
You have my heart",PANORAMA,351
"
				10sec
			","닳아 낡아빠진 Filament 뒤로
스쳐 가듯 그댄 그림자만 비추고
정신없는 사람들 사이
날 보내주려 하지 않아
결국 I had to let you go
다가가긴 far
숨 막혀
샴페인은 안 내키고
벽에 딱 붙어
하나같이 외로워 보이는 춤을 춰
Give me 10 seconds
뭐가 그리 신나는지
이젠 다 모르겠어
그냥 같이 춤을 춰
나는 그대도 너네도 아무도 몰라
근데 왜 즐거운지
지금 내게 그 10초가 되돌아오면
네게 다가갔을까
어느샌가 여기 섞이고
나는 분위기에 취했는지 괜히 웃고 있고
정신없는 조명들 밑
이제는 맘이 편한 듯해
이젠 I don't have to go
내일까진 far
목 막혀 마실 걸 좀 시키고
어깰 딱 붙여
두근대는 마음은 그대로 내비 둬
Give me 10 seconds
나는 뭐에 신났는지
이젠 다 모르겠어 그냥 계속 춤을 춰
나는 그대도 너네도 아무도 몰라
근데 왜 즐거운지
지금 내게 그 10초가 되돌아오면
네게 다가갔을까
Hat the matter
우린 이미 하나
What's the matter?
너도 같이 놀아
Make it better
눈치 보지 말아
Make feel better
다른 생각 말고
Hat the matter
우린 이미 하나
What's the matter?
너도 같이 놀아
다시 간다
1 2 3 4
나는 그대도 너네도 아무도 몰라
근데 왜 즐거운지
지금 내게 그 10초가 되돌아오면
네게 다가갔을까",Childhood,197
"
				One by One
			","또 웃음이나
(You know why I know why)
너는 어땠어 달빛 아래 앉은 우리
생각만 해도 설레는 걸
Drive in the morning
너의 시간을 빌리러
Drive in the midnight
널 잘 안다고는 못해도
내게 닻을 내리고
함께 돛을 펴고
(Would you come with me?
Can you come with me?)
You are my world
Yes one by one
아름다워 네 모든 게
시간이 흐르고 불이 번지면
내 손을 잡고서
Find it out One by one
We'll look at what love is
We'll look at what love is
We'll look at what love is
이 검은 밤하늘 위에
우리 별 위로
I'll be waiting for
넌 내가 아직 낯설고 시간이 필요해
I'll be waiting for
You know I'll be waiting for you
급하지 않게 Wah ooh wah
Drive in the morning
너의 시간을 빌리러
Drive in the midnight
널 잘 안다고는 못해도
내게 닻을 내리고
함께 돛을 펴고
(Would you come with me?
Can you come with me?)
You are my world
Yes One by one
아름다워 네 모든 게
시간이 흐르고 불이 번지면
내 손을 잡고서
Find it out One by one
We'll look at what love is
We'll look at what love is
We'll look at what love is
이 검은 밤하늘 위에
우리 별 위로
I want to keep you in my life
알려줘 하나하나 다 Ooh wah
네 꿈속에서 만나던
그 바라던 사람이 돼 줄게
Find it out One by one
Find it out One by one
I want to see the hidden sides
이 검은 밤하늘 위에
우리 별 위로",Gatcha!,315
"
				Over The Christmas
			","어느새 지나가 버린 얘기
해와 솔잎처럼

차가운 만큼 따뜻해 줬던 우리
Merry Christmas all of you

난 아직 그 발걸음을 떼지 못했나 봐
우리가 쌓아놓은 눈 위로
그냥 고마워 서로여서 온 이 계절이

네 번의 마법과
삼천만 번의 순간
열두 권을 지난 우리 이야기

하얀 눈
꽃잎들
속을 하나하나 볼 수 있다면
서로의 마음도 보일까

차가운 입김과
손을 주머니에 포개 놓으면
밝은 조명들이 우릴 축하해 주듯 빛나

내가 밤이 돼줄게
너는 눈이 돼줄래? 

내가 빨강 해줄게
너가 내 초록 해줄래? 

내가 널 받아낼게
너는 펑펑 내려줄래? 

우리 같이 흩날려
세상을 하얗게 덮어볼래?

어디선가 웃고 있을 너의 보고 싶은 얼굴
서로를 바라보곤
나는 널 너는 날

말라버린 달력
두꺼워지는 옷이
열두 번의 기대를 아는 듯이

하얀 눈
꽃잎들
속을 하나하나 볼 수 있다면
서로의 마음도 보일까

차가운 입김과
손을 주머니에 포개 놓으면
밝은 조명들이 우릴 축하해 주듯 빛나

내가 밤이 돼줄게
너는 눈이 돼줄래? 

내가 빨강 해줄게
너가 내 초록 해줄래?

내가 널 받아낼게
너는 펑펑 내려줄래?

우리 같이 흩날려
세상을 하얗게 덮여볼래?",Boogie Man,150
"
				GO
			","시작되고 있어
두근대는 마음이
지금 여기 느껴지고 있어
스치는 바람 속
들려온 목소리
다시 나를 깨워주고 있어
아직은 우리의 밤이
어둡고 길어도
밝게 빛나던 순간의 꿈처럼
달려가 지금
발길이 닿는 대로
수많은 물음표 끝에 오직 하나
I'm ready to go 기다려온 타이밍
난 마음이 가는 대로
손끝이 가리킨 방향을 따라
I'm ready to go 절대 멈추지 않아
'난 나를 못 이겨'
말해왔던 나의
지난 시간 모두 잊혀져
끝이 보이지 않는
비탈길일지라도
부서지지 않는 하나의 돌처럼
달려가 지금
발길이 닿는 대로
수많은 물음표 끝에 오직 하나
I'm ready to go 기다려온 타이밍
난 마음이 가는 대로
손끝이 가리킨 방향을 따라
I'm ready to go 절대 멈추지 않아
그저 믿고 가는 거야
자신할 수 있어 난
깨어나 다시
상처를 털어내고
차가운 세상에 무릎 꿇지 않아
I'm ready to go 울려 퍼지는 사인
난 내가 바라는 대로
한 걸음 두 걸음 달려가는 거야
I'm ready to go 지금 이 순간 시작",조폭인 내가 고등학생이 되었습니다 OST Part.1,37
"
				Missing Call (Feat. 수란)
			","왜 지울 수가 없을까
너의 전화번호
그 목소리까지
난 새벽이 지나도
너의 밤에서 혼자 헤매고 있어
내 마음을 울리는
시린 말들에 겨우 이제서야
그대를 쉽게 미워할 수 있을 줄 알았는데
내가 이런 우는 말투로
전화를 걸어도
넌 아무렇지 않을까
그냥 잘 지냈냐고
가끔 생각난다고
그런 한마디를 듣고 싶은 걸까
뚜 뚜 뚜 뚜 뚜 뚜 뚜 뚜
몇 번을 더 고민했는지
익숙한 번호의 부재중 Call
나랑 같은 걸까 너도 착각인 걸까 그냥
밤에 속아 전화한 걸까
어지러운 맘을 헤집어 이렇게
내 마음을 울리는
시린 말들에 겨우 이제서야
그대를 쉽게 미워할 수 있을 줄 알았는데
내가 이런 우는 말투로
전화를 걸어도
넌 아무렇지 않을까
그냥 잘 지냈냐고
가끔 생각난다고
그런 한마디를 듣고 싶은 걸까
시간이 흘러도 난
네게 남아있기를
그대만 괜찮다면
내게 전화해주기를
만약 너의 생각에 마음 아파지더라도
우린 괜찮아질 거야 지금보다",PANORAMA,488
"
				무색(無色)
			","나의 어린 날엔 누군가 덧칠해서
돌아보고 싶지 않아
흐린 눈으로 바라봐
아무도 모르게 묻어 두면 나을까
내 상처가 깨지 않게 발끝으로 걸어줘요
하루가 지나고 또 하루가 지나면
아주 조금일지라도 옅어지진 않을까
옅은 빛을 따라 언덕을 다시 넘어봐도
돌아갈 수 없을 거라 그렇게 말했네
남김없이 태워줘 하나도 남아나지 않도록
전부 지워줘 다시 그려갈 수 있도록
나를 안아줘 모두 떠나가진 않을까
홀로 걱정했던 날들이 무색(無色)해지게
모두 태워줘 하나도 남아나지 않도록
전부 지워줘 다시 그려갈 수 있도록
나를 채워줘 아픈 물감을 씻어내서
아무도 알아볼 수 없게
새롭게 그려봐 다시 그렇게",Childhood,156
"
				해가뜨는밤
			","지구를 접어보면
멀어질까 가까워질까
늘 빛나는 너에게로
나의 밤을 전해
내가 뜨면 넌 저물고
네가 뜨면 나는 떠나
더 가까워지고 싶어
나에게 너라는 별
저 수많은 별
또 수많은 우주가 택한 너야
그리고 난 널 담아둘게
너의 따듯한 온기를 품고서 저 멀리서
다시 밤이 찾아오면
너의 흔적이 남은 자릴 바라보다
오늘도 어두운 밤하늘에서 난
너의 빛을 비추겠지 Oh
Because I’m without you I’m nothing
수많은 별
또 수많은 우주가 택한 너야
그리고 난 널 담아둘게
너의 따듯한 온기를 품고서 저 멀리서
단 하루라도 같은 곳에 떠 있길
나 간절하게 바라봤었지 Oh
그 빛에 가려진 채 난 숨어봐도
여전히 내게서 너는 멀어져만 가
달빛이 여기 펼쳐지고
내 그림자가 널 가리울 때
노을의 끝자락이라도 꼭 붙잡아볼게",BLUE,239
"
				Domino (Feat. 디핵(D-Hack))
			","안녕 새들아
오늘 하루는
날씨 정말 좋지 않니?
난 오늘 드디어
그녈 만나
마음을 전하려 해
어젯밤 달빛은
넌 해낼 수 있어
그치만 내 맘 한켠엔
안돼 안돼
맘을 먹으면 무라도 베야 하는 건 아는데
당신에게 사랑을 전하고 싶은 김루시 입니다
오늘은 어떻게 해야 당신과 더 가까워 질 수 있을까
고민하다가 꽃다발을 사봤는데요
설마 꽃 선물을 싫어하실 줄은 꿈에도 몰랐답니다?
저는 언제쯤 당신의 손을 잡아볼 수 있는 걸까요?
난 어려워
넌 요지부동 쫌만
도미노처럼
한 블럭 두 블럭 알아서 넘어가 주면 안될까
이 꽃의 꽃말까진 듣고 가지 그래
아카시아 꽃말을 한참 외웠는데
그러니까
휘청거리게 하네 날 YEAH
어제와 같이 Ey
네 한숨에 넘어가네
도미노같이 Yeah
템포를 낮춰 신중하게 생각해도 돼
별로면 별로다 솔직하게 말해줄래
조금 문제가 있다면
쟤보다는 내가 UH
나은 것 같다는 음
어려운데
아무리 생각 해봐도
그대는 저에게 관심이 없어 보이는데
왜 자꾸 제 마음은 멈추지 않는 걸까요
가끔 제 말에 웃는걸 보면
아예 마음이 없는 건 아닌 거 같은데
그냥 솔직하게 말해주시면 안 되는 거예요?
난 어려워
넌 요지부동 쫌만
도미노처럼
한 블럭 두 블럭 알아서 넘어가 주면 안될까
난 너만 있으면
다 아름다워
넌 가끔 웃을 때
머리가 하얘져
오늘 데이트 어땠어?
음 잘 모르겠네 난 괜찮은데 저쪽이 날 좀
어려워하는 거 같은 느낌?
뭐야 잘 안된 거야?
아니 그보다 야 꽃다발을 사왔어
좀 귀여운 거 같아",Childhood,177
"
				파울
			","조용히 속삭이던 맘
살며시 덮어두다가
던졌네
허무하게 선을 넘어
벗어나 굴러간 공은
되돌릴 순 없네
어디로 떠나갔나
말해줘 뭐가 뭔지
난 아무것도
모른 채 가만히
구석 끝에 혼자
기다려 누군가
날 다시 잡아줄까
조용한 바람은 와도
떠날 땐 아무도 몰래
떠나고 마는데
내겐
흔적은 연기 같아서
그 흔한 추억마저
날 두고 떠나
어디로 떠나갔나
말해줘 뭐가 뭔지
난 아무것도
모른 채 가만히
구석 끝에 혼자
기다려 누군가
날 다시
잡고 싶은 게 많아
널 잡은 손을 놨네
더 일찍 알았다면
한 번만 더
다시 날 돌아봐 줘
나에게도 언젠가
어렸던 내 마음을
돌아봤을 때
그토록 푸르던
미솔 지어보는
그날이 온다면
또다시 던져볼게",Childhood,174
"
				Never in vain
			","I'm gonna fade out arrested by the night
Even shadows around me
have nothing to say to you
Oh babe calling your name
I blind myself every day
This memory's not sad
it just makes me filled with you
And look
We're against the world
And you never left me all alone
Cuz we're written in the stars
The black sky was full of scars
But you burn my darkness overnight
Our love was never in vain
I'm gonna fade out arrested by the night
Even shadows around me
have nothing to say to you
Oh babe calling your name
I blind myself every day
This memory's not sad
it just makes me filled with you
You hit me with the FaceTime
It's hard to even say hello
Probably you felt alone
I made you insecure
You know I'm gonna be on your side
When all of this fight's over
When you down
And when we fall
You know I won't let you go
And look
We're against the world
And you never left me all alone
Cuz we're written in the stars
The black sky was full of scars
But you burn my darkness overnight
Our love was never in vain
When every part of me is ripped away
Nobody ever can stop me in any way
When every part of me is ripped away
Nobody ever can stop me back to you
Now look
We're against the world
And you never left me all alone
Cuz we're written in the stars
The black sky was full of scars
But you burn my darkness overnight
Our love was never in vain",INSERT COIN,128
"
				채워
			","뒤 돌아보면 온통 어둔 밤
지나온 길 말곤 다 안개 같아
언제까지 이 길 위를 헤매고
남겨져 있는 걸 쫓아 가야 해?
They can't make you feel better
Who said your trip was an error
거의 똑같이 앞 사람
뒤만 따라다녔구나
They can't make you feel better
Who said your trip was an error
아이가 추는 춤사위처럼
하고 싶은 대로 채워
뒤 돌아보면 온통 어둔 밤
지나온 길 말곤 다 안개 같아
언제까지 이 길 위를 헤매고
남겨져 있는 걸 쫓아 가야 해?
They can't make you feel better
Who said your trip was an error
다 똑같아
바라본적 없던 것마저
They can't make you feel better
Who said your dream was an error
나만의 춤사위처럼
맘에 드는 걸로 채워",INSERT COIN,107
"
				Buddy
			","It is fine
너랑 놀 때마다
우리 엄마는
너를 더 좋아해 (No No)
It's fine it's fine
그만큼 우리는 더
We're fine We're fine
Having fun is all we do
만났다 하면 Upside down
쌓인 싫증이 나침반
And I'm looking for
We are looking for
정신 못 차린 어린아이
철을 파고드는 바람
Time to wake me up
Time to wake
Time to wake me up
어른은 Bye Bye
우린 High Five
기분 Skydive ooh
Oh 눈치 볼 필요 없이
(Don't be afraid Cause buddy I'm with you)
오늘은 Drive time
그만 Stop sigh
Okay Five By Five
우린 말이 필요 없이
Oh feel like vibing
Feel like vibing
U N ME A N D I N U N US
W E N I N U N U N ME
다음에 또 연락하자 (No No)
언제 될 진 모르지만
일상으로 돌아가
It's fine it's fine
세상 지루해도
We're fine We're fine
Having fun is all we do
만났다 하면 Upside down
쌓인 싫증이 나침반
And I'm looking for
We are looking for
정신 못 차린 어린아이
철을 파고 드는 바람
Time to wake me up
Time to wake
Time to wake me up
어른은 Bye Bye
우린 High Five
기분 Skydive ooh
Oh 눈치 볼 필요 없이
(Don't be afraid Cause buddy I'm with you)
오늘은 Drive time
그만 Stop sigh
Okay Five By Five
우린 말이 필요 없이
Oh feel like vibing
Feel like vibing
철없던 시절은 떠나가
We are still (Young inside)
말로 하긴 낯부끄러운 말들
너나 나나 속으론 아는 그 맘
I will always be right there for you
어른은 Bye Bye
우린 High Five
기분 Skydive ooh
Oh 눈치 볼 필요 없이
(Don't be afraid Cause buddy I'm with you)
오늘은 Drive time
그만 Stop sigh
Okay Five By Five
우린 말이 필요 없이
Oh feel like vibing
Feel like vibing
U N ME A N D I N U N US
W E N I N U N U N ME",Gatcha!,268
"
				내 쓸쓸함은 차갑지 않아요
			","떨어지는 꽃잎들 사이에는
아쉬움이 섞여 있고
솔솔 내리는 빗방울에게
자리를 내어줬죠
내 멋대로 써 놓은 공책 속엔
우리의 날들이 있고
사이사이 숨겨둔 글자 속에
내일이 적혀있죠
내 쓸쓸함은 차갑지 않아요
나를 쓱 지나가도
괜찮아요 나는 여기 있을게요
여기저기 그때의 내음 속엔
설렘이 담겨있고
이리저리 맴돌던 꽃잎들이
제자릴 찾아가죠
내 쓸쓸함은 차갑지 않아요
나를 쓱 지나가도
괜찮아요 나는 여기 있을게요
우리 같이 앉았던 그 자리엔
벌써 이른 봄이 내려요
오늘도 나는 앞서 그대 올 곳에
미리 꽃을 뿌려요",Childhood,177
"
				찾았다
			","정답은 모르지만
방법은 있으니까
자꾸 쉬운 길로 난
더 편한 대로 난 그냥
수만 개 시선 속에
진심을 찾아낸 난
이젠 하루하루가
또 일분일초가 so hard
그 말과 말의 미묘한
숨과 숨이 말하는 heart
you 솔직하게 다가와
찾았다 작게 웃어 보인 순간
찾았다 몰래 가져다 놓은 그 맘 wa!
둘만의 비밀로
느려진 시간 속에
사랑이 아마 이런 건가 봐
I'll find you
감춰둔 mellow
가끔의 sorrow
빈틈이 있어도
돌고 또 돌아와도
사랑이 아마 이런 건가 봐
키 나이 어느 하나
자라는 중이지만
그냥 하고픈 대로
난 내 식대로 난 그냥
도시의 불빛 속에
작게 뜬 저 별 하나처럼
오래오래 나
더 반짝반짝인다면
그 눈과 눈이 만나는
코끝으로 퍼지는 love
솔직하게 다가와
찾았다 작게 웃어 보인 순간
찾았다 몰래 가져다 놓은 그 맘 wa!
둘만의 비밀로
느려진 시간 속에
사랑이 아마 이런 건가 봐
한 발 한 발
놓인 물음표
이대로 가만 내버려 둘까 때론
맞잡은 손 타고 오는
자연스레 알게 되는
L O V E Love
찾았다 설렘 커져가는 순간
찾았다 살짝 아닌 척한 그 날 wa!
때로는 말보다
눈빛이 알려주는
사랑이 아마 이런 건가 봐
I'll find you
흐르는 love song
scene마다 your mood
두려움이 있어도
돌고 또 돌아와도
사랑이 아마 이런 건가 봐
내가 찾았나봐",손가락만 까딱하면 OST Part.1,45
"
				이 밤을 잊지 말아요
			","힘든 하루의 끝을 향해 가고 있지만
손을 잡고 이 밤의 끝자락을 걸어요
기억하고 싶지 않은 건 하지 말아요
오늘의 기억들로 밤을 채워보아요
내일 일은 내일에게 맡겨버려요
오늘을 더 이상 낭비하지 말아요
마음이 원하는 걸 다 말해보아요
이 밤을 놓치지 않도록
소중한 추억들이 모여 이 밤을 밝혀주어요
아름다운 기억들만 우리에게 남을 수 있도록
Oh
이 밤이 마지막인 것처럼 기억해요
오늘을 함께 걸어보아요 이 순간을 잊지 마요",Childhood,134
"
				So Nice (GMF Theme Song)
			","기분이 좋아 so nice
이미 내 맘은 그곳으로
푸른 하늘로 so nice
벌써 난 꿈을 꿔요

처음으로 만든
나만의 피크닉 샌드위치
조금은 볼품없어
보일지는 몰라도

너와 나 다시
만난다는 생각에
온종일 설레임은 가득해

깨끗한 플랫슈즈,
카메라, 가벼운 에코백
1년을 기다린 계절이 시작된걸요

기분이 좋아 so nice
이미 내 맘은 그곳으로
푸른 하늘로 so nice
벌써 난 꿈을 꿔요

혹시나 커플지옥 속에
덩그러니 있어도
어쩌면 혼자만의
축제일지 몰라도

끝없이 이어질
음악이라는 선물로 내게
즐거움은 충분해

새로 산 체크 셔츠
가볍게 어깨에 걸치고
오늘을 기다렸던 만큼 설레는 내 맘

기분이 좋아 so nice
이미 내 맘은 그곳으로
푸른 하늘로 so nice
벌써 난 꿈을 꿔요

아름답게 펼쳐져
oh 내 하루는 영화처럼
두근대고 설레여
oh 어린아이처럼",So Nice (GMF Theme Song),25
"
				LOVE ME LOVE YOU
			","내가 하루만 말을 할 수 있다면
제일 먼저 난 그댈 깨우겠어요
시간이 모자라니 빨리 일어나 봐요
우선 맛있는 아침을 먹고 시작
나도 그대가 너무 좋아요
그대라 다행이에요
그대가 준 모든 걸 기억하고 있어
가끔 그대 슬퍼 보일 때
내가 뭘 할 수 없는 게 슬퍼
내 이름을 그대가 불러줄 때
비로소 내게 세상이란 울타리가 생겨
나 언젠가 작고 귀엽지 않은 날이 와도
그대를 지켜줄게
슬프고 힘든 일 나도 많긴 했었죠
가끔 생각나 밤을 설치기도 해
그럴 땐 곤히 잠든 그대에 발끝에
내 어딘가가 닿은 채로 잠들어
근데 그대만 눈을 뜨면은
그리고 나를 부르면
그 순간이 태어나 제일 행복한 나
난 늘 시간이 부족해서
그대를 보채기만 해 미안
내 이름을 그대가 불러줄 때
비로소 내게 세상이란 울타리가 생겨
나 언젠가 작고 귀엽지 않은 날이 와도
그대를 지켜 줄게",LOVE ME LOVE YOU,462
"
				놓지 않을게
			","아 오늘 밤도
오늘도 너를 찾아가고 있어
나 생각이 나
언제나 미소 짓던 너의 모습
너 어딜 가도
나와 함께 있을 걸 약속해줘
나 어딜 가든
너와 함께할 걸 나 약속할게
너의 곁에 내가 있을게
나에게 기댈 수가 있게
이제 나와 함께 있을래
다신 아픈 상처 없도록
아 늦었지만
너에게 하고 싶은 말이 있어
널 생각하면
어떤 것보다 더 널 안고 싶어
날 기억해줘
너와 함께할 걸 난 약속할게
너의 곁에 내가 있을게
나에게 기댈 수가 있게
이제 나와 함께 있을래
다신 아픈 상처 없도록
너의 곁에 머물 수 있게
나에게 좀 더 기대 줄래
이제 나와 함께 있을래
다시 돌아갈 수 있도록",BLUE,178
"
				Farther and Farther
			","아련한 그때의 시간은
더 머물지 않고
어젯밤의 그 달과는 다른 달이 뜨는 걸
다 알고는 있지만
조금 서운해
아 이건 너무해
In my memory farther and farther
잡힐 듯 멀어지는
내용 모를 꿈처럼
그날들이
시간에 떠밀려
흩어짐 안되잖아
오늘마저 멀어져만 가는데
Woo
저 한 켠에 치워 놓은 기억은
어느새 날 떠나 버리고
저 하늘이 붉다 못해
검게 타버린 이 밤엔
결국 그리움을 말하게 돼
이건 너무해
My memory farther and farther
잡힐 듯 멀어지는
내용 모를 꿈처럼
그날들이
시간에 떠밀려
흩어짐 안 되잖아
오늘도 빛은 바래져 가는데
Woo
I found my own
안개에 갇힌 것 같아
또 하루가 저물어
모두 지나간 대도
남아줘 지금 그대로
나에게",선잠,314
"
				Grey
			","기억 속에 넌 내게 다가와
어두운 하늘에 빛이 되었어
난 아무렇지도 않아 다 사라져 갈 테니까
그리움 속에 찾아 헤맸어
어두운 마음에 홀로 남았네
난 아무렇지도 않아 다 사라져 갈 테니까
난 아무렇지도 않아 다 잊혀져 갈 테니까
Drowing in an ocean of grey
Running Running backwards to you
Woo Woo
I feel like I'm someone else
I feel like I'm someone else
I feel like I'm someone else
Uh hu
Uh hu
Drowing in an ocean of grey
Running Running backwards to you
Drowing in an ocean of grey
Running Running backwards to you
Woo Woo
기억 속에 넌 내게 다가와
어두운 마음에 홀로 남았네",Grey (나쁜 기억 지우개 X LUCY),25
"
				Cry Bird
			","When all is calm a bird from afar
The bleeding song of all that we are
If you go I'm running after you
On wagon rides our tingling toes
Back alley skies the wind in our clothes
Run it back back to the start of our song
Cry bird
'Cause it goes oh oh
Can we go home home?
Can't you live your life without it?
Put it all behind
I'd like to believe that in our life
We're guided
By the first few lines
So what're you waiting for?
Got no doubt about it
Don't you know it's fine?
This puzzle wasn't always complicated
The journey is the home you're looking for
'Cause it goes oh oh
Can we go home home?
'Cause it goes
(Oh) can't you see you're looking for
(Oh) the mountain that you're on?
You'll know it you'll know it (Home?)
Oh
'Cause it goes
Oh
We can go home
Oh
'Cause it goes
Oh
We can go home
Oh
Can't you see you're looking for
Oh
The mountain that you're on?
Oh
You'll know it you'll know it
Oh",JTBC 슈퍼밴드 Episode 12,428
"
				나는 너야
			","You painted my black and white
world with beautiful colors
With a lot of various colors
that reminds me of your song
That's the reason why I sing
새까맣던 오선지 위에 까만 음표들
그 노래를 부를 때 내 세상은 파래져
날 생각하는 널 생각하면 난
어떤 날도 힘겨운 날도 웃을 수 있다는 걸
나 기억할 게 나의 모든 순간
그 안에 너 그리고 나
you are my melody
you are the reason
저 먼 우주의 수많은 별
그만큼 셀 수 없이 많은 노래가
그 속에서 꼭 너와 내가
이어지는 지금 이 시간이 신비로워
날 생각하는 널 생각하면 난
어떤 날도 힘겨운 날도 웃을 수 있다는 걸
나 기억할 게 나의 모든 순간
그 안에 너 그리고 나
You are my light
아름답던 우리가
저물어 갈지라도
너와 함께한 순간
다 고마워
너희들의 노래가
우리의 맘을 비춰
조그맣게 빛날 때
고마워 셀 수 없을 만큼
내 행복이 되어준 너
너에게 말할게
너가 있어 빛이나
다른 말로 전하면
나는 바로 너야
나는 바로 너야",Childhood,121
"
				선잠
			","회색 빛으로 물든 사람들의
표정과 힘없는 발걸음
나와 다를 것이 하나 없어
But you don't have to be an adult
(가끔은 철없게)
We are gold and feel this freedom
When you thought you could do everything
(그때를 기억해)
We were golden feel our childhood
We just want to play with you
어디로 가는 거야
Woo feel our childhood
기다려 주지 않아
Woo feel our childhood
Feel our childhood
우리는 언제 어른이 됐나
벌어지는 일들에 달려가는 시간에
익숙지 않아
어느새 나도 낮보다 밤을 기다리고 있어
꿈이 없는 잠을 바라며
기대해도 기대 쉴 곳은 없어
But you don't have to be an adult
(가끔은 철없게)
We are gold and feel this freedom
When you thought you could do everything
(그때를 기억해)
We were golden feel our childhood
We just want to play with you
어디로 가는 거야
Woo feel our childhood
기다려 주지 않아
Woo feel our childhood
Feel our childhood
Feel our childhood
Time to sleep woo
We just want to play with you
어디로 가는 거야
Woo feel our childhood
어디로 가도 좋아
Woo feel our childhood
Feel our childhood
Feel our childhood",JTBC 슈퍼밴드 Episode 13,470
"
				꿈
			","멍하니 하늘을 바라볼 때
소중한 마음 되찾죠
툭 튀어나온 기억이
눈물처럼 내려요
비가 왔었죠 내 기억에는요
예쁜 새소리 나는 나무 밑에서 우리
약속했었죠 영원할 거라고
영화 속에 주인공처럼
아직 그댄 그곳에 남아 있나요
뒤돌아봤었나요
새까만 밤하늘에다
나 그날을 그려요
아직도 그대 그곳에 남아 있다면
뒤돌아봤었다면
선명한 그대 모습이
꿈이 아니길",BLUE,159
"
				OUTRO (뒤 돌아보면)
			",곡 정보 없음,INSIDE,242
"
				충분히
			","충분히 사랑받지 못해
충분히 사랑 주지 못했었고
내버려 두면 돌아올 거라
그때는 몰랐네
네 맘을 몰랐네
충분히 사랑 준 것 같아서
충분히 함께한 것 같아서
마지막 한 마디도 지고 싶지 않았어
난 몰랐어 내게 어떤 존재였는지
사랑이 고파 사랑을 하다
그대를 너무 몰랐던 연애를 했다
그대가 올까 기대를 했다
이미 늦은 후회들로 가득 차 있다
충분히 사랑받지 못해
충분히 사랑 주지 못했었고
내버려 두면 돌아올 거라
그때는 몰랐네
네 맘을 몰랐네
충분히 사랑해 줄 걸 네 모습 그대로
충분히 함께해 줄 걸 어디든 갔다면
지금 너와 난 달라졌을까
충분히
사랑했다면",PANORAMA,198
"
				시작하는 너에게
			","수천, 수억 개 
별들을 지나서 
너라는 도착지로 
셀 수 없는 수 광년을 거슬러서 
전하고 싶었던 말 
꿈 같은 오늘에 
도달한 주인공
그게 너라는 거
벅차게 행복해져
oh my 소리치고 싶게 웃음 나는 그런 날
아무 의심할 것 하나 없는 happy end
불안한 눈물들이 
데려다줄 그곳 
바로 바로 여기
oh 
oh 
수천, 수백 번 
널 안고 미래로 
간다면 좋겠지만 
알 수 없음의 
설레는 행복까지 
빼앗을 순 없으니 
환하게 빛나는 
내일의 주인공
니가 될 거란 거
자, 이제 행복해져
oh my 소리치고 싶게 웃음 나는 그런 날
아무 의심할 것 하나 없는 happy end
불안한 눈물들이 
데려다줄 그곳 
바로 바로 여기
oh 
oh 
다 부서진 
상상의 서사를 
길게 이어 나갈 
너란 걸 나는 믿어 
oh my 모든 햇살 하늘 
나를 위한 그런 날 
어느 누구 하나 아픔 없는 happy end 
오래된 의심들이 가닿을 곳 바로 
그곳에서 우리 
oh 
oh 
oh",오늘도 지송합니다 OST Part 1,28
"
				Police Class
			","생각이 자꾸 머무는 건
마음이 끌리는 것
내 발걸음이 멈춘 곳에
어딘가 놓여있어
어느덧 생겨버린 바램
생각에 반을 채워
부풀어짐 끝에 내 마음은
터지고 흩어졌지
내 머릿속 세상은
온통 그 조각들
It's Uncountable of pieces
줍고 또 주워 내 주머니 속에
넣어도 넘쳐
끝도 없는 네 생각 그 하나에
나는 터져버렸어
I explode
I explode
왠지 욕심을 좀 부렸어
무턱대고 뛰어가
어떤 결말일까 생각도
않은 채 다가서 봐
내 마음속 어딘 간
이미 뜨거워
It's Uncountable of pieces
줍고 또 주워 내 주머니 속에
넣어도 넘쳐
끝도 없는 네 생각 그 하나에
나는 터져버렸어
I explode
I explode
Somedays I take a break again
I wonder is this what I want
And it feels like always
I'll make the same choice again
줍고 또 주워 내 주머니 속에
넣어도 넘쳐
끝도 없는 네 생각 그 하나에
나는 터져버렸어
I explode
I explode",너와 나의 경찰수업 OST Part.2,140
"
				INTRO
			",곡 정보 없음,DEAR.,172
"
				Feel so good
			","Swing Swing Swing
네 샴푸 냄새가 내 코끝에 들어와
위잉 위잉 네 주위에 벌들이 꼬여
다들 그리 꿀 냄새를 맡았나
네 주위에서 서성여
예쁜 꽃에는
벌들이 꼬이는 게 당연해
지금 앞에 있는
(예쁜 여자가 날 보고 있어)
네가 나를
(처음 봤었던 그날처럼)
거침없이 내 마음은 너를 향해
Now you make me make me up
Tonight feel so feel so good
술에 취한 네 눈빛이 내 본능을 깨워
Tonight feel so feel so good
오늘은 심장 뛰는 대로 내 몸을 맡길래
벌써 12시 왜 집에 간다 해
나는 아직 술기운이 부족해
점점 텐션 올라오는데
왜 간다 해
나를 못 믿어서
(집에 간다고 하는 거니)
너는 아직
(통금 시간이 있는 거니)
거침없이 내 마음은 너를 향해
Now you make me wake me up
Tonight feel so feel so good
술에 취한 네 눈빛이 내 본능을 깨워
Tonight feel so feel so good
오늘은 심장 뛰는 대로 내 몸을 맡길래
집에 데려다줄게 밤은 위험하잖아
매일 너만 생각해 너로 가득해지게
(I feel so good)
Tonight feel so feel so good
술에 취한 네 눈빛이 내 본능을 깨워
Tonight feel so feel so good
오늘은 심장 뛰는 대로 내 몸을 맡길래",Feel so good (공짜:공기타짜 X LUCY),92
"
				We will fly away (Feat. 송은혜)
			","Stars shining so brightly
Whisper to dreamer
Night full of the starlight
Ringing my heart with its songs
Moon shining to guide me
Where is no worries
Now you can hold my hand
Time to fly
Songs never fade out
Make my heart longing to see
We will fly away with all our heart tonight
Now open your eyes can you feel this moment
Like a star in the sky up above
I promise you I will be here
새하얀 밤하늘
그 아래 우리
별과 춤을 추는
함께 있을 그곳에
숨이 차오르게 날아오를 거야
이 순간을 믿어 여기 너와 함께
하늘 위에 핀 연꽃처럼
아름답게 피어날 거야
별 밝게 빛나는
꿈의 속삭임
밤 하늘빛 속엔
마음을 울리는 소리",Childhood,115
"
				날아올라
			","아득하게 저 빛나는 별들로
이 세상을 가득 채워가
I wanna be your star
흐릿해진 그 발자국 뒤로
I'm Running Fly 난 따라가
조금 더 가까이
아직은 멀었지만
손 안에 난 움켜쥐고서
또 다시 네게 외쳐
날아올라 높은 곳으로
저 맑은 하늘 위로 외쳐 난
널 가득 품고서
I wanna shooting for Love
날아올라 높은 곳으로
저 파란 구름 위에 그려가
늘 같은 곳에서
쉼 없이 너를 그려
끝도 없이 어두운 이 길도
우리 함께 가득 채워가
I wanna be your star
흐릿했던 그 발자국들이
I got it 난 더 날아가
조금 더 가까이
아직은 멀었지만
손 안에 난 움켜쥐고서
또 다시 네게 외쳐
날아올라 높은 곳으로
저 맑은 하늘 위를 날아 난
널 가득 안고서
I wanna shooting for love
날아올라 높은 곳까지
네 안에 있는 너를 그려가
저 높은 곳에서
쉼 없이 너를 그려
끝없이 가득 차있어
쉼 없이 너로 차있어
날아올라 저 하늘
또 한 번 한계선을 넘어
저 높은 곳에서
I wanna shooting for love
날아올라 높은 곳에서
불안한 마음 모두 떨쳐내
늘 같은 곳에서
쉼 없이 너를 그려",꽃 피면 달 생각하고 OST Part.4,92
"
				Love is Here
			","매일같이 너를 기억해
작은 눈빛 하나조차도
어제 같은 오늘도
너 하나면 새로우니까
너의 작은 미소 작은 손짓
그거면 돼
다 충분해
나를 바라보는 빛나는 눈빛
날 잃어버릴 것만 같은데
꿈만 같던 love love
날아갈 듯 날
바라봐 줘 (바라봐 줘)
기억해 줘 (기억해 줘)
별 속에 우릴 담을게
love is here love love
love is here love love
love is here 이 순간
이건 꿈만 같은 걸
하루하루 갈수록
너를 기다릴수록
Time is slow 지루해 죽겠어
1분 1초가 아까운데
참을 수가 없어
난 네게 달려가
그냥 널 안아주고
말하고 싶어
너의 작은 미소 작은 손짓
미로처럼
알 수 없는 감정
설레임이 채워질수록
꿈속에서
널 안을 수 있기를
꿈만 같던 love love
날아갈 듯 날
바라봐 줘 (바라봐 줘)
기억해 줘 (기억해 줘)
별 속에 우릴 담을게
끝이 없는 love love
언제까지 널
바라볼게 (바라볼게)
기억할게 (기억할게)
내 맘은 별이 됐으니
오늘부터 우린 달라져
네 손을 잡으면
세상이 환해져
아직 보이지 않는다면
그대로 눈을 감아
검은색 세상 속
빛나는 마음 두 개
진심을 네게 보여줄게 후
꿈만 같던 love love
날아갈 듯 날
바라봐 줘 (바라봐 줘)
기억해 줘 (기억해 줘)
별 속에 우릴 담을게
love is here love love
love is here love love
love is here 이 순간
이건 꿈만 같은 걸",로맨스 바이 로맨스 OST Part 1,41
"
				눈이 부신다
			","눈이 부신다 oh  눈이 부신다 oh
지금 들어봐 두 귀를 기울여
너와 있을 때마다 가슴이 움직여
내가 알던 내가 아닌 다른 내가 되려해
No way no way 너에게로 갈게 난 서둘러
뭘 더 물어 이미 난 좀 늦어
더 기다리게 하지 않아
Not gonna be stupid
겨우 찾아낸 너니까
눈이 부신다 oh
You're the precious jewel I treasure
오직 나만 비춰 비춰
눈이 부신다 oh
가리워진 길을 밝혀
Make me feel you all the way all the way
Diamond diamond diamond
You're my everything and tell me everyday day
Diamond diamond diamond
You're my everything and tell me everyday day
손을 뻗어봐 이 공간 속으로
너와 나의 거리가 더 좁혀 지도록
니가 알던 니가 아닌 다른 니가 될거야
Always always 너를 안아줄 두 팔이 될게
그저 내게 널 다 맡기면 돼
더 오래 애태우지 않게
Not gonna be stupid
겨우 찾아낸 너니까
눈이 부신다 oh
You're the precious jewel I treasure
오직 나만 비춰 비춰
눈이 부신다 oh
가리워진 길을 밝혀
Make me feel you all the way all the way
Diamond diamond diamond
You're my everything and tell me everyday day
Diamond diamond diamond
You're my everything and tell me everyday day
혹시 내 맘과 같다면 이제는 대답해줘
여기서 기다릴테니 날 사랑한다고
눈이 부신다 oh
You're the precious jewel I treasure
오직 나만 비춰 비춰
눈이 부신다 oh
가리워진 길을 밝혀
Make me feel you all the way all the way
눈이 부신다 oh
You're the precious jewel I treasure treasure
눈이 부신다 oh
가리워진 길을 밝혀
내가 널 찾을 수 있게
Diamond diamond diamond
('cause)You're my everything
and tell me everyday day
Diamond diamond diamond
('cause)You're my everything
and tell me everyday day",가우스전자 OST Part 1,74
"
				Daylight
			","아주 멀리서
희미하게 빛나는
저 태양이 떠오르면

지난 어두운 밤
하얗게 물들이며
아침이 나를 찾아와

손을 뻗으면
잡힐 듯이 가까워진
빛에 나의 전부 던져

눈부신 하늘 위의 Daylight
(Ohohoh ohoh Ohohoh ohoh)
찬란한 밤하늘의 Starlight
(Ohohoh ohoh Ohohohoh)

끝이 보이지
않는 그 길을 따라
한 걸음씩 내디뎠어

내가 걸어온
흔적들을 믿고서
돌아보지 않았기에

나를 향해서
쏟아져내리는
저 햇살을 마주할 수 있어

눈부신 하늘 위의 Daylight
(Ohohoh ohoh Ohohoh ohoh)
찬란한 밤하늘의 Starlight
(Ohohoh ohoh Ohohohoh)

나를 비웃던 거짓된 세상 끝에
나 그토록 꿈꿔왔었던
오늘이 보여
숨차게 달려가고 있어

내게로 쏟아지는 Daylight
(Ohohoh ohoh Ohohoh ohoh)
어둠 속 반짝이는 Starlight
(Ohohoh ohoh Ohohohohohoh)

Catch the light
(Ohohohoh)
Reach for the star",가석방 심사관 이한신 OST Part 1,15
"
				Hey!
			","I don't know how I make it far
Here comes trouble that'll make me wild
숨이 턱 막혀오지만
눈 감아 되는대로 ride
This world is heartless from the start, baby
You think I can't get through?
All the problems, all the matters
겁나도 어쩌겠어
it's time to go
Hey! Watch it
크게 소리쳐봐 다 들리게
Here I go
뒤집어 놓는 게 내 룰이지
Take your time
and realise just how dull you are
All you see is nothing
but the trace o'mine
Don't care How much I'll lose baby
All I see is that hidden price
조금은 떨려오지만
겁없이 날뛰어줄게 나
고민은 끝났어
it's time to go
Hey! Watch it
크게 소리쳐봐 다 들리게
Here I go
뒤집어 놓는 게 내 룰이지
Take your time
and realise just how dull you are
All you see is nothing
but the trace o'mine
Woo
Hey! Watch it
뛰어봤자 내 손바닥 안이지
Here I go
봐주진 않아 그게 매너지
Take your time
and realise just how dull you are
All you see is nothing
but the trace o'mine",재벌X형사 OST Part.1,24
"
				불꽃놀이
			","모두 빛나고 있어
왠지 슬퍼보이던
너의 얼굴이 떠오르곤 해
어디로 가는걸까
표현하지 못했던
마음들
고요하게
타들어가던 불꽃들은 어느새
우리를 밝히네
Please stay with me
Please stay for me
For me
찬란하게 빛나는 저 별이 되어서
너의 모든 날들
감싸 안아줄테니
말없는 저 바다를
조용히 바라보던
우리 모습이 생각나곤 해
처음 말을 배우는
아이처럼 뱉은 말
사랑해
고요하게
타들어가던 불꽃들은 어느새
우리를 밝히네
Please stay with me
Please stay for me
For me
찬란하게 빛나는 저 별이 되어서
너의 모든 날들
감싸 안아줄테니
Tonight",나를 사랑하지 않는 X에게 OST Part 4,123
"
				Ant, Go Run
			","뜨거운 태양 아래 타오르는 듯
우리의 꿈을 향해 계속 달리네
심장이 더 빨리 뛰고 있다면
멈추지 말고 달려 저 위를 향해서
Ant, go run
뛰어봐 저 위로 달려
Ant, go run up
잡지 못하게 닿지 못하게
Ant, go fly
날아가 저 위를 향해
Ant, go run up
잡지 못하게 닿지 못하게
끝없는 고민들에 지쳐갈 때쯤
널 만난 후에야 난 알게 되었지
심장이 더 빨리 뛰고 있다면
멈추지 말고 달려 저 위를 향해서
Ant, go run
뛰어봐 저 위로 달려
Ant, go run up
잡지 못하게 닿지 못하게
Ant, go fly
날아가 저 위를 향해
Ant, go run up
잡지 못하게 닿지 못하게
run, go run up
run, go run up
내 뒤를 따라와 run up
Ant, go run
뛰어봐 저 위로 달려
Ant, go run up
잡지 못하게 닿지 못하게
Ant, go fly
날아가 저 위를 향해
Ant, go run up
잡지 못하게 닿지 못하게
Ant, go run
뛰어봐 저 위로 달려
Ant, go run up
잡지 못하게 닿지 못하게
Ant, go run",개미가 타고 있어요 OST Part.2,55
"
				Still Fighting
			","난 계속 싸워 Still Fighting
또다시 I won't give up

칠흑 같은 어둠 속에
흐릿해지는 나의 두 눈
깊은 새벽 멀리 들려오는 너의 숨결
멀어지는 그 속삭임에
난 그 소리에 귀를 기울여
듣고 싶어 난
너가 원하는 게 무엇인지

떨리는 두 손
불안한 눈동자
터질 듯 소리치는
심장소리에 발을 맞춰 
한 걸음씩 나아가 

난 계속 싸워 Still Fighting
나의 앞에 놓여진 운명
절대 멈출 수 없어
몇 번을 다시 태어난대도
거친 세상 속에 나의 몸을 맡겨
나를 괴롭히던 깊은 슬픔도
가져가 누구도 날 막을 수 없어
난 계속 싸워 Still Fighting

어둠 속에 깊이 잠들었던 시간들
나를 깨워 기다린 순간 모든 걸 던져

난 계속 싸워 Still Fighting
나의 앞에 놓여진 운명
절대 멈출 수 없어
몇 번을 다시 태어난대도
거친 세상 속에 나의 몸을 맡겨
나를 괴롭히던 깊은 슬픔도
가져가 누구도 날 막을 수 없어
난 계속 싸워 Still Fighting

난 계속 싸워 Still Fighting
또다시 I won't give up",기적의 형제 OST Part.5,28
"
				Flare
			","작고 여린 내 목소리
누구에게 닿을 수 있을까 고민하던 나
소중한 너의 말들이
내가 가야 할 곳이 어딘지 알려줘
고마워 고마워 고마워 고마워
넌 날 일으켜줘
넌 날 가득하게 만들어
You give me hope You make me smile
You have my soul You have my heart
You give me hope You make me smile
You have my soul You are my
날 일으킨 너의 미소
Wake up Wake up Wake up
한 치 앞을 모른 대도
We go We go We go
잃어가는 줄만 알았던 시간들
그 불안이 날 어지럽혀
Left side Left side Left side
Right side Right side Right side
You said we'll be the flare
It's time to shot away
Don't stop and sink or swim Oh
모 아님 도 후회 없이 난 Oh
Take a breath and start again Oh
시작이 반 Keep me young and free Oh
멈추지 않고 달려야 한단 부담 내려놓고
어느새 등 뒤에 젖어 있는 땀을 좀 식히고
어느새 여기 서 있어
With you With you With you
고단한 하루 끝에서
Lean on Lean on Lean on
결국 다 사라져
허무히 떠나도 빛바래진 않아
You are not alone
You said we'll be the flare
It's time to shot away
Don't stop and sink or swim Oh
모 아님 도 후회 없이 난 Oh
Take a breath and start again Oh
시작이 반 Keep me young and free Oh
멈추지 않고 달려야 한단 부담 내려놓고
어느새 등 뒤에 젖어 있는 땀을 좀 식히고
You give me hope
You make me smile
You have my soul
You have my heart",JTBC 슈퍼밴드 Episode 14,207
"
				Light UP
			","I feel stronger than I've ever been
We're here together all along
Assisting through the hardships
We're here to make our world better
언덕을 지나서 함께 힘을 모은
그 모든 여정들
Facing all those false words
ooh ooh
저 멀리를 바라봐
Oh Oh
그 마음의 어둠속을
밝히는건 네 마음뿐
Oh Oh
우린 같은 걸 바란것 뿐
Oh Oh
함께 걸어간 이 길 위에
I'm trying to make a change
We're here together all along
The power within can make a difference
We're here to make our world better
불안속 어둠을하나씩 안아준
우리를 기억해
Light up the worlds to shine
ooh ooh
저 멀리를 바라봐
Oh Oh
그 마음의 어둠속을
밝히는건 네 마음뿐
Oh Oh
우린 같은 걸 바란것 뿐
Oh Oh
함께 걸어간 이 길 위에
Oh Oh
그 마음의 어둠속을
밝히는건 네 마음뿐
Oh Oh
우린 같은 걸 바란것 뿐
Oh Oh
함께 걸어간 이 길 위에",로드 오브 히어로즈 OST Part 3,67
"
				서툴러서
			","아직 모르는 게 많아요
많이 안다 생각했는데
나는 다가갈 수 없네요
이렇게 가까이 있는데도
그대 표정 속에 담긴
맘을 알아주고 싶었는데
그댈 보며 웃어봐도
우린 가까워질 수 없네요
그대와 한 걸음
멀어져야 그제서 알게 될까
나도 모르게 상처 줄까 봐
늘 겁이나
그대가 한번만
마음속 깊은 곳을 하나하나
알려주면 좋을텐데
알 수 있게
그대 표정 속에 담긴
맘을 알아주고 싶었는데
그댈 보며 웃어봐도
우린 가까워질 수 없네요
그대와 한 걸음
멀어져야 그제서 알게 될까
나도 모르게 상처 줄까 봐
늘 겁이나
그대가 한번만
마음속 깊은 곳을 하나하나
알려주면 좋을텐데
알 수 있게
내가 아직 서툴러서 그런가봐요
그대와 한 걸음
멀어져야 그제서 알게 될까
나도 모르게 상처 줄까 봐
늘 겁이나
그대가 한번만
마음속 깊은 곳을 하나하나
알려주면 좋을텐데
알 수 있게",좀비탐정 OST Part.2,87
"
				어머니와 고등어
			","한밤중에 목이 말라
냉장고를 열어보니
한 귀퉁이에 고등어가
소금에 절여져 있네
어머니 코고는 소리
조그맣게 들리네
어머니는 고등어를
구워주려 하셨나보다
소금에 절여놓고
편안하게 주무시는구나
나는 내일 아침에는
고등어 구일 먹을 수 있네
한밤중에 목이 말라
냉장고를 열어봤더니
한 귀퉁이에 고등어가
소금에 절여져있네
어머니 코고는 소리
조그맣게 들리네",월간 더 스테이지,18
"
				불꽃놀이
			","모두 빛나고 있어

왠지 슬퍼보이던

너의 얼굴이 떠오르곤 해 



어디로 가는걸까

표현하지 못했던

마음들 



고요하게

타들어가던 불꽃들은 어느새

우리를 밝히네 



Please stay with me

Please stay for me

For me 



찬란하게 빛나는 저 별이 되어서

너의 모든 날들

감싸 안아줄테니 



말없는 저 바다를

조용히 바라보던

우리 모습이 생각나곤 해 



처음 말을 배우는

아이처럼 뱉은 말

사랑해 



고요하게

타들어가던 불꽃들은 어느새

우리를 밝히네 



Please stay with me

Please stay for me

For me 



찬란하게 빛나는 저 별이 되어서

너의 모든 날들

감싸 안아줄테니 

Tonight ",나를 사랑하지 않는 X에게 OST,17
"
				동이 틀 때
			","한 켠에 머문 꽃잎은
달님을 따라가고

쏟아지는 햇님 자락엔
그 발을 올려두렴

햇무리를 날아다니다
하얀 꿈에서 깨면
여긴 어딘가 아무도 없이
또 갈 길을 헤매게 돼 

넘어진 듯 쓰라린 다리
모래 달린듯한 내 몸이
그만 가자고 앉아있자고
바닥에 날 눌러두면

어른의 난 이 모든 걸 넘었을 테니
난 날 믿어 자 일어나
동이 틀 때처럼

이 길 위에 남겨놓은 
저 발자국이 흐려져 사라져도
날 깨워준 지난 날들이 그 맘을 기억하길

내 두 눈에 담은 세상은
영원한 벗이 되어 
언젠가 
길 잃고 헤매는 날들의 우릴
만날 테니",동이 틀 때,60
"
				Daylight
			","아주 멀리서
희미하게 빛나는
저 태양이 떠오르면

지난 어두운 밤
하얗게 물들이며
아침이 나를 찾아와

손을 뻗으면
잡힐 듯이 가까워진
빛에 나의 전부 던져

눈부신 하늘 위의 Daylight
(Ohohoh ohoh Ohohoh ohoh)
찬란한 밤하늘의 Starlight
(Ohohoh ohoh Ohohohoh)

끝이 보이지
않는 그 길을 따라
한 걸음씩 내디뎠어

내가 걸어온
흔적들을 믿고서
돌아보지 않았기에

나를 향해서
쏟아져내리는
저 햇살을 마주할 수 있어

눈부신 하늘 위의 Daylight
(Ohohoh ohoh Ohohoh ohoh)
찬란한 밤하늘의 Starlight
(Ohohoh ohoh Ohohohoh)

나를 비웃던 거짓된 세상 끝에
나 그토록 꿈꿔왔었던
오늘이 보여
숨차게 달려가고 있어

내게로 쏟아지는 Daylight
(Ohohoh ohoh Ohohoh ohoh)
어둠 속 반짝이는 Starlight
(Ohohoh ohoh Ohohohohohoh)

Catch the light
(Ohohohoh)
Reach for the star",가석방 심사관 이한신 OST,2
"
				Grey
			","기억 속에 넌 내게 다가와
어두운 하늘에 빛이 되었어
난 아무렇지도 않아 다 사라져 갈 테니까
그리움 속에 찾아 헤맸어
어두운 마음에 홀로 남았네
난 아무렇지도 않아 다 사라져 갈 테니까
난 아무렇지도 않아 다 잊혀져 갈 테니까
Drowing in an ocean of grey
Running Running backwards to you
Woo Woo
I feel like I'm someone else
I feel like I'm someone else
Uh hu
Uh hu
Drowing in an ocean of grey
Running Running backwards to you
Drowing in an ocean of grey
Running Running backwards to you
Woo Woo
기억 속에 넌 내게 다가와
어두운 마음에 홀로 남았네",나쁜 기억 지우개 (Original Sound Track),3
"
				GO
			","시작되고 있어
두근대는 마음이
지금 여기 느껴지고 있어
스치는 바람 속
들려온 목소리
다시 나를 깨워주고 있어
아직은 우리의 밤이
어둡고 길어도
밝게 빛나던 순간의 꿈처럼
달려가 지금
발길이 닿는 대로
수많은 물음표 끝에 오직 하나
I'm ready to go 기다려온 타이밍
난 마음이 가는 대로
손끝이 가리킨 방향을 따라
I'm ready to go 절대 멈추지 않아
'난 나를 못 이겨'
말해왔던 나의
지난 시간 모두 잊혀져
끝이 보이지 않는
비탈길일지라도
부서지지 않는 하나의 돌처럼
달려가 지금
발길이 닿는 대로
수많은 물음표 끝에 오직 하나
I'm ready to go 기다려온 타이밍
난 마음이 가는 대로
손끝이 가리킨 방향을 따라
I'm ready to go 절대 멈추지 않아
그저 믿고 가는 거야
자신할 수 있어 난
깨어나 다시
상처를 털어내고
차가운 세상에 무릎 꿇지 않아
I'm ready to go 울려 퍼지는 사인
난 내가 바라는 대로
한 걸음 두 걸음 달려가는 거야
I'm ready to go 지금 이 순간 시작",조폭인 내가 고등학생이 되었습니다 OST,10
"
				Hey!
			","I don't know how I make it far
Here comes trouble that'll make me wild
숨이 턱 막혀오지만
눈 감아 되는대로 ride
This world is heartless from the start, baby
You think I can't get through?
All the problems, all the matters
겁나도 어쩌겠어
it's time to go
Hey! Watch it
크게 소리쳐봐 다 들리게
Here I go
뒤집어 놓는 게 내 룰이지
Take your time
and realise just how dull you are
All you see is nothing
but the trace o'mine
Don't care How much I'll lose baby
All I see is that hidden price
조금은 떨려오지만
겁없이 날뛰어줄게 나
고민은 끝났어
it's time to go
Hey! Watch it
크게 소리쳐봐 다 들리게
Here I go
뒤집어 놓는 게 내 룰이지
Take your time
and realise just how dull you are
All you see is nothing
but the trace o'mine
Woo
Hey! Watch it
뛰어봤자 내 손바닥 안이지
Here I go
봐주진 않아 그게 매너지
Take your time
and realise just how dull you are
All you see is nothing
but the trace o'mine",재벌X형사 OST,5
"
				Still Fighting
			","난 계속 싸워 Still Fighting
또다시 I won't give up
칠흑 같은 어둠 속에
흐릿해지는 나의 두 눈
깊은 새벽 멀리 들려오는 너의 숨결
멀어지는 그 속삭임에
난 그 소리에 귀를 기울여
듣고 싶어 난
너가 원하는 게 무엇인지
떨리는 두 손
불안한 눈동자
터질 듯 소리치는
심장소리에 발을 맞춰
한 걸음씩 나아가
난 계속 싸워 Still Fighting
나의 앞에 놓여진 운명
절대 멈출 수 없어
몇 번을 다시 태어난대도
거친 세상 속에 나의 몸을 맡겨
나를 괴롭히던 깊은 슬픔도
가져가 누구도 날 막을 수 없어
난 계속 싸워 Still Fighting
어둠 속에 깊이 잠들었던 시간들
나를 깨워 기다린 순간 모든 걸 던져
난 계속 싸워 Still Fighting
나의 앞에 놓여진 운명
절대 멈출 수 없어
몇 번을 다시 태어난대도
거친 세상 속에 나의 몸을 맡겨
나를 괴롭히던 깊은 슬픔도
가져가 누구도 날 막을 수 없어
난 계속 싸워 Still Fighting
난 계속 싸워 Still Fighting
또다시 I won't give up",기적의 형제 OST,11
"
				Love is Here
			","매일같이 너를 기억해
작은 눈빛 하나조차도
어제 같은 오늘도
너 하나면 새로우니까
너의 작은 미소 작은 손짓
그거면 돼
다 충분해
나를 바라보는 빛나는 눈빛
날 잃어버릴 것만 같은데
꿈만 같던 love love
날아갈 듯 날
바라봐 줘 (바라봐 줘)
기억해 줘 (기억해 줘)
별 속에 우릴 담을게
love is here love love
love is here love love
love is here 이 순간
이건 꿈만 같은 걸
하루하루 갈수록
너를 기다릴수록
Time is slow 지루해 죽겠어
1분 1초가 아까운데
참을 수가 없어
난 네게 달려가
그냥 널 안아주고
말하고 싶어
너의 작은 미소 작은 손짓
미로처럼
알 수 없는 감정
설레임이 채워질수록
꿈속에서
널 안을 수 있기를
꿈만 같던 love love
날아갈 듯 날
바라봐 줘 (바라봐 줘)
기억해 줘 (기억해 줘)
별 속에 우릴 담을게
끝이 없는 love love
언제까지 널
바라볼게 (바라볼게)
기억할게 (기억할게)
내 맘은 별이 됐으니
오늘부터 우린 달라져
네 손을 잡으면
세상이 환해져
아직 보이지 않는다면
그대로 눈을 감아
검은색 세상 속
빛나는 마음 두 개
진심을 네게 보여줄게 후
꿈만 같던 love love
날아갈 듯 날
바라봐 줘 (바라봐 줘)
기억해 줘 (기억해 줘)
별 속에 우릴 담을게
love is here love love
love is here love love
love is here 이 순간
이건 꿈만 같은 걸",로맨스 바이 로맨스 OST,9
"
				작은별
			","하늘에 차오른 많은 별을 모두 세어봤을 때
내 별은 뭘까? 어디있을까?
수 없이 내게 질문을 해
진심을 잊고서 빛나는 별들의 흔적만 쫓잖아
어디에 있는지도 모르고
많고 많은 얼굴들 속에
가려질 수 있는 건 당연해
이대로도 충분히 난 빛나
Let me go just let me go
조금은 덜 빛난다고
내가 별이 아닌 건 아니잖아
지금 이 순간 누군가에겐
내가 제일 빛나는 별이니까
아름답게 반짝이는 little star
Wherever you are
Wherever we are
홀로 빛나는 little star
쉴 틈도 없이 앞만 보고 달려
나의 모습을 누군가에게 건네면서
모든 시선 뒤로하고 뛰어 갈 거야
결국엔 찾겠지
어디에 있는지 몰라도
많고 많은 저 별들 속에
가려질 수 있는 건 당연해
이대로도 충분히 난 빛나
Let me go just let me go
조금은 덜 빛난다고
내가 별이 아닌 건 아니잖아
지금 이 순간 누군가에겐
내가 제일 빛나는 별이니까
아름답게 반짝이는 little star
흐려도 괜찮아
이대로 좋아
느려도 괜찮아
눈 부시게 빛나는
지금의 너를 보여줘
지금 이 순간 누군가에겐
내가 제일 빛나는 별이니까
아름답게 반짝이는 little star
Wherever you are
Wherever we are
홀로 빛나는 little star
Wherever you are
Wherever we are
We are
We are shining little star",진검승부 OST,25
"
				눈이 부신다
			","눈이 부신다 oh
눈이 부신다 oh
지금 들어봐 두 귀를 기울여
너와 있을 때마다 가슴이 움직여
내가 알던 내가 아닌 다른 내가 되려해
No way no way 너에게로 갈게 난 서둘러
뭘 더 물어 이미 난 좀 늦어
더 기다리게 하지 않아
Not gonna be stupid
겨우 찾아낸 너니까
눈이 부신다 oh
You're the precious jewel I treasure
오직 나만 비춰 비춰
눈이 부신다 oh
가리워진 길을 밝혀
Make me feel you all the way all the way
Diamond diamond diamond
You're my everything and tell me everyday day
Diamond diamond diamond
You're my everything and tell me everyday day
손을 뻗어봐 이 공간 속으로
너와 나의 거리가 더 좁혀 지도록
니가 알던 니가 아닌 다른 니가 될거야
Always always 너를 안아줄 두 팔이 될게
그저 내게 널 다 맡기면 돼
더 오래 애태우지 않게
Not gonna be stupid
겨우 찾아낸 너니까
눈이 부신다 oh
You're the precious jewel I treasure
오직 나만 비춰 비춰
눈이 부신다 oh
가리워진 길을 밝혀
Make me feel you all the way all the way
Diamond diamond diamond
You're my everything and tell me everyday day
Diamond diamond diamond
You're my everything and tell me everyday day
혹시 내 맘과 같다면 이제는 대답해줘
여기서 기다릴테니 날 사랑한다고
눈이 부신다 oh
You're the precious jewel I treasure
오직 나만 비춰 비춰
눈이 부신다 oh
가리워진 길을 밝혀
Make me feel you all the way all the way
눈이 부신다 oh
You're the precious jewel I treasure treasure
oh
가리워진 길을 밝혀
내가 널 찾을 수 있게
Diamond diamond diamond
('cause)You're my everything
and tell me everyday day
Diamond diamond diamond
('cause)You're my everything
and tell me everyday day",가우스전자 OST,17
"
				Ant, Go Run
			","뜨거운 태양 아래 타오르는 듯
우리의 꿈을 향해 계속 달리네
심장이 더 빨리 뛰고 있다면
멈추지 말고 달려 저 위를 향해서
Ant, go run
뛰어봐 저 위로 달려
Ant, go run up
잡지 못하게 닿지 못하게
Ant, go fly
날아가 저 위를 향해
Ant, go run up
잡지 못하게 닿지 못하게
끝없는 고민들에 지쳐갈 때쯤
널 만난 후에야 난 알게 되었지
심장이 더 빨리 뛰고 있다면
멈추지 말고 달려 저 위를 향해서
Ant, go run
뛰어봐 저 위로 달려
Ant, go run up
잡지 못하게 닿지 못하게
Ant, go fly
날아가 저 위를 향해
Ant, go run up
잡지 못하게 닿지 못하게
run, go run up
run, go run up
내 뒤를 따라와 run up
Ant, go run
뛰어봐 저 위로 달려
Ant, go run up
잡지 못하게 닿지 못하게
Ant, go fly
날아가 저 위를 향해
Ant, go run up
잡지 못하게 닿지 못하게
Ant, go run
뛰어봐 저 위로 달려
Ant, go run up
잡지 못하게 닿지 못하게
Ant, go run",개미가 타고 있어요 OST Special,11
"
				Police Class
			","생각이 자꾸 머무는 건
마음이 끌리는 것
내 발걸음이 멈춘 곳에
어딘가 놓여있어
어느덧 생겨버린 바램
생각에 반을 채워
부풀어짐 끝에 내 마음은
터지고 흩어졌지
내 머릿속 세상은
온통 그 조각들
It's Uncountable of pieces
줍고 또 주워 내 주머니 속에
넣어도 넘쳐
끝도 없는 네 생각 그 하나에
나는 터져버렸어
I explode
I explode
왠지 욕심을 좀 부렸어
무턱대고 뛰어가
어떤 결말일까 생각도
않은 채 다가서 봐
내 마음속 어딘 간
이미 뜨거워
It's Uncountable of pieces
줍고 또 주워 내 주머니 속에
넣어도 넘쳐
끝도 없는 네 생각 그 하나에
나는 터져버렸어
I explode
I explode
Somedays I take a break again
I wonder is this what I want
And it feels like always
I'll make the same choice again
줍고 또 주워 내 주머니 속에
넣어도 넘쳐
끝도 없는 네 생각 그 하나에
나는 터져버렸어
I explode
I explode",너와 나의 경찰수업 OST,30
"
				날아올라
			","아득하게 저 빛나는 별들로
이 세상을 가득 채워가
I wanna be your star
흐릿해진 그 발자국 뒤로
I'm Running Fly 난 따라가
조금 더 가까이
아직은 멀었지만
손 안에 난 움켜쥐고서
또 다시 네게 외쳐
날아올라 높은 곳으로
저 맑은 하늘 위로 외쳐 난
널 가득 품고서
I wanna shooting for Love
날아올라 높은 곳으로
저 파란 구름 위에 그려가
늘 같은 곳에서
쉼 없이 너를 그려
끝도 없이 어두운 이 길도
우리 함께 가득 채워가
I wanna be your star
흐릿했던 그 발자국들이
I got it 난 더 날아가
조금 더 가까이
아직은 멀었지만
손 안에 난 움켜쥐고서
또 다시 네게 외쳐
날아올라 높은 곳으로
저 맑은 하늘 위를 날아 난
널 가득 안고서
I wanna shooting for love
날아올라 높은 곳까지
네 안에 있는 너를 그려가
저 높은 곳에서
쉼 없이 너를 그려
끝없이 가득 차있어
쉼 없이 너로 차있어
날아올라 저 하늘
또 한 번 한계선을 넘어
저 높은 곳에서
I wanna shooting for love
날아올라 높은 곳에서
불안한 마음 모두 떨쳐내
늘 같은 곳에서
쉼 없이 너를 그려",꽃 피면 달 생각하고 OST,12
"
				Run To You
			","알 수 없는 그 어디에서
길을 잃고 헤매일 때
혼자라는 게 난 외로워
누군가를 기다릴 때
나를 닮은 길을 잃은 또 한 사람
우연히 너를 만나
그 순간에 잠든 나의 하늘에
눈을 뜨는 너라는 별
지금 Run To You
니가 있는 그곳으로 난 달려가
그래 I Need You
널 처음 만난 그날부터 내 모든 건 너야
아무 의미 없는 하루 끝에 서서
내일은 오지 않길
그 순간에 어두운 나의 세상에
빛을 내는 너라는 꿈
지금 Run To You
니가 있는 그곳으로 난 달려가
그래 I Need You
널 처음 만난 그날부터 내 모든 건 너야
끝이 보이지 않아
멈추고 눈을 감았던 그때
정해진 우연이면 운명인 것처럼
내 앞에 나타난 너
다시 Run To You
쉬지 않고 빛을 따라 난 달려가
오직 I Need You
내 손을 잡은 그날부터 내 모든 건 너야",런 온 OST,107
"
				신사동 그 사람
			","희미한 불빛 사이로
마주치는 그 눈길 피할 수 없어
나도 몰래 사랑을 느끼며
만났던 그 사람
행여 오늘도 다시 만날까
그날 밤 그 자리에 기다리는데
그 사람 오지 않고 나를 울리네
시간은 자정 넘어 새벽으로 가는데
그날 밤 만났던 사람
나를 잊으셨나 봐
희미한 불빛 사이로
오고 가던 그 눈길 어쩔 수 없어
나도 몰래 마음을 주면서
사랑한 그 사람
오늘 밤도 행여 만날까
그날 밤 그 자리에 마음 설레며
그 사람 기다려도 오지를 않네
자정은 벌써 지나 새벽으로 가는데
내 마음 가져간 사람
신사동 그 사람
행여 오늘도 다시 만날까
그날 밤 그 자리에 기다리는데
그 사람 오지 않고 나를 울리네
시간은 자정 넘어 새벽으로 가는데
그날 밤 만났던 사람
나를 잊으셨나 봐",<불후의 명곡> - 부부 작곡가·작사가 남국인&故정은이 편 2부,22
